shape,width_mm,depth_mm,height_mm,standoff_mm,total_depth_mm,length_mm,shadow_x_mm,shadow_y_mm,source_height_mm,declared_cut_mm,blur_mm,visible_artwork_percent,score
Cylinder,80,80,36,10,46,600,0,0,40,0.4063,1.5632,97.45,0.15888322431704502
Rectangle,80,80,36,10,46,600,0,0,40,0.4034,1.5632,94.76,0.15450654097729896
Cylinder,80,80,36,0,36,450,0,0,30,0.4063,1.1224,97.45,0.15226308997050148
Cylinder,100,100,44,10,54,800,0,0,48,0.4619,1.6612,100.0,0.14814814814814814
Rectangle,80,80,36,0,36,450,0,0,30,0.4034,1.1224,94.76,0.14806876843657818
Cylinder,100,100,30,20,50,800,0,0,44,0.4234,1.6612,89.82,0.14371681415929202
Cylinder,80,80,26,20,46,600,0,0,40,0.4063,1.5632,85.88,0.14002981916121585
Cylinder,80,80,44,10,54,600,0,0,48,0.4875,1.5632,98.38,0.1366355293346444
Cylinder,100,100,44,0,44,600,0,0,38,0.4875,1.1959,100.0,0.13636363636363635
Rectangle,80,100,36,10,46,600,0,0,40,0.4034,1.5632,93.19,0.13589339632400607
Rectangle,80,80,26,20,46,600,0,0,40,0.4034,1.5632,83.22,0.13567718353212774
Cylinder,100,100,30,0,30,450,0,0,24,0.4106,0.8469,90.44,0.13566371681415929
Cylinder,80,80,26,10,36,450,0,0,30,0.4063,1.1224,85.88,0.13419524336283187
Rectangle,100,80,36,10,46,600,0,0,40,0.4034,1.5632,91.84,0.13393608403127347
Cylinder,100,100,30,10,40,600,0,0,34,0.4362,1.1959,89.26,0.1338938053097345
Rectangle,80,80,44,10,54,600,0,0,48,0.4826,1.5632,96.33,0.1337881022615536
Cylinder,100,100,60,0,60,800,0,0,54,0.5196,1.6612,100.0,0.13333333333333333
Cylinder,60,60,30,20,50,450,0,0,44,0.4391,1.5947,88.61,0.13292035398230087
Cylinder,80,80,30,20,50,600,0,0,44,0.4469,1.5632,88.61,0.13292035398230087
Cylinder,100,100,36,20,56,800,0,0,50,0.4811,1.6612,92.91,0.13272229245680575
Rectangle,80,100,36,0,36,450,0,0,30,0.4034,1.1224,93.19,0.1302311714771725
Rectangle,80,80,26,10,36,450,0,0,30,0.4034,1.1224,83.22,0.1300239675516224
Rectangle,100,80,36,0,36,450,0,0,30,0.4034,1.1224,91.84,0.12835541386330376
Rectangle,60,60,30,20,50,450,0,0,44,0.4325,1.5947,85.5,0.12825221238938053
Rectangle,80,80,30,20,50,600,0,0,44,0.4431,1.5632,85.5,0.12825221238938053
Cylinder,60,60,36,0,36,300,0,0,30,0.4491,0.9965,92.09,0.1279088823336611
Rectangle,60,60,36,0,36,300,0,0,30,0.442,0.9965,92.09,0.1279088823336611
Cylinder,60,60,44,10,54,450,0,0,48,0.479,1.5947,90.75,0.12604473942969519
Rectangle,60,60,44,10,54,450,0,0,48,0.4705,1.5947,90.75,0.12604473942969519
Cylinder,80,80,26,0,26,300,0,0,20,0.4063,0.6816,85.88,0.12387253233492171
Cylinder,80,80,30,10,40,450,0,0,34,0.4605,1.1224,88.08,0.12386615044247788
Cylinder,80,80,36,20,56,600,0,0,50,0.5079,1.5632,91.68,0.12278761061946902
Cylinder,80,80,44,0,44,450,0,0,38,0.5146,1.1224,95.88,0.12258019911504424
Rectangle,80,80,44,0,44,450,0,0,38,0.5088,1.1224,94.93,0.1213545856798069
Rectangle,80,80,36,20,56,600,0,0,50,0.5023,1.5632,90.27,0.12089127686472818
Cylinder,60,60,36,20,56,450,0,0,50,0.4989,1.5947,89.93,0.1204369469026549
Cylinder,100,100,44,20,64,800,0,0,58,0.5581,1.6612,96.33,0.12040929203539823
Rectangle,80,80,26,0,26,300,0,0,20,0.4034,0.6816,83.22,0.12002212389380529
Rectangle,100,80,26,20,46,600,0,0,40,0.4034,1.5632,82.17,0.11982622838256375
Rectangle,80,80,30,10,40,450,0,0,34,0.4563,1.1224,85.13,0.1197179203539823
Rectangle,60,60,36,20,56,450,0,0,50,0.4894,1.5947,89.35,0.11966656131479142
Cylinder,100,100,36,10,46,600,0,0,40,0.5132,1.1959,91.68,0.1195844555598307
Cylinder,100,100,26,30,56,800,0,0,50,0.4811,1.6612,82.85,0.11835229667088076
Rectangle,80,100,44,10,54,600,0,0,48,0.4826,1.5632,94.91,0.11790476430032076
Rectangle,100,80,44,10,54,600,0,0,48,0.4826,1.5632,94.62,0.117538315926427
Cylinder,80,80,60,0,60,600,0,0,54,0.5485,1.5632,93.91,0.11738569321533923
Rectangle,80,80,60,0,60,600,0,0,54,0.5415,1.5632,93.91,0.11738569321533923
Cylinder,60,60,26,10,36,300,0,0,30,0.4491,0.9965,83.64,0.11617092756473288
Rectangle,80,100,26,20,46,600,0,0,40,0.4034,1.5632,79.01,0.1152233181556981
Rectangle,100,80,26,10,36,450,0,0,30,0.4034,1.1224,82.17,0.1148334688666236
Rectangle,100,80,30,20,50,600,0,0,44,0.4431,1.5632,85.5,0.11471226606695821
Cylinder,100,100,30,30,60,800,0,0,54,0.5196,1.6612,86.02,0.11469026548672566
Cylinder,100,100,36,0,36,450,0,0,30,0.5132,0.8469,91.68,0.11460176991150442
Rectangle,60,60,26,10,36,300,0,0,30,0.442,0.9965,81.08,0.1126065224516552
Cylinder,100,100,60,10,70,800,0,0,64,0.6158,1.6612,98.38,0.1124315212810788
Rectangle,80,60,30,20,50,450,0,0,44,0.4325,1.5947,85.5,0.11106967402076084
Cylinder,60,60,60,0,60,450,0,0,54,0.5389,1.5947,88.47,0.1105825958702065
Rectangle,60,60,60,0,60,450,0,0,54,0.5268,1.5947,88.47,0.1105825958702065
Cylinder,80,80,36,10,46,450,0,0,40,0.5417,1.1224,90.34,0.11046917083493653
Rectangle,80,100,26,10,36,450,0,0,30,0.4034,1.1224,79.01,0.11042234656587735
Rectangle,80,100,30,20,50,600,0,0,44,0.4431,1.5632,81.83,0.10978500123158257
Cylinder,60,60,26,30,56,450,0,0,50,0.4989,1.5947,81.68,0.1093947534766119
Cylinder,80,80,26,30,56,600,0,0,50,0.5079,1.5632,81.68,0.10939475347661187
Rectangle,60,80,44,10,54,450,0,0,48,0.4705,1.5947,90.75,0.10915794635950611
Rectangle,80,60,44,10,54,450,0,0,48,0.4705,1.5947,90.71,0.10910472454265605
Cylinder,80,80,30,0,30,300,0,0,24,0.4875,0.6816,87.01,0.10875737463126843
Rectangle,60,80,36,0,36,300,0,0,30,0.442,0.9965,90.4,0.10873217182470551
Cylinder,80,80,44,20,64,600,0,0,58,0.5891,1.5632,92.77,0.10871819690265487
Rectangle,80,80,44,20,64,600,0,0,58,0.5805,1.5632,92.77,0.10871819690265487
Cylinder,100,100,36,30,66,800,0,0,60,0.5774,1.6612,89.28,0.10821489228568874
Cylinder,100,100,22,0,22,300,0,0,16,0.4106,0.498,79.01,0.10774336283185841
Cylinder,100,100,22,30,52,800,0,0,46,0.4426,1.6612,69.93,0.10757885182663944
Cylinder,60,60,30,10,40,300,0,0,34,0.5089,0.9965,85.88,0.10735619469026549
Rectangle,100,80,30,10,40,450,0,0,34,0.4563,1.1224,85.13,0.10707896321456403
Rectangle,100,80,44,0,44,450,0,0,38,0.5088,1.1224,93.57,0.10699126545599354
Rectangle,80,100,44,0,44,450,0,0,38,0.5088,1.1224,93.45,0.10685634582742357
Rectangle,80,80,36,10,46,450,0,0,40,0.535,1.1224,87.3,0.10675379953828396
Cylinder,100,100,26,20,46,600,0,0,40,0.5132,1.1959,81.68,0.10654097729896113
Rectangle,80,60,36,0,36,300,0,0,30,0.442,0.9965,88.39,0.1063194494608354
Cylinder,60,60,30,30,60,450,0,0,54,0.5389,1.5947,84.88,0.10610250737463127
Cylinder,80,80,30,30,60,600,0,0,54,0.5485,1.5632,84.88,0.10610250737463127
Rectangle,100,80,26,0,26,300,0,0,20,0.4034,0.6816,82.17,0.10600012510765255
Rectangle,80,100,36,20,56,600,0,0,50,0.5023,1.5632,88.35,0.10583159912471349
Rectangle,80,80,30,0,30,300,0,0,24,0.4826,0.6816,84.2,0.10525442477876107
Rectangle,100,80,36,20,56,600,0,0,50,0.5023,1.5632,87.7,0.1050542050743817
Rectangle,80,100,60,0,60,600,0,0,54,0.5415,1.5632,93.91,0.10499295584617375
Rectangle,100,80,60,0,60,600,0,0,54,0.5415,1.5632,93.91,0.10499295584617375
Rectangle,60,80,30,20,50,450,0,0,44,0.4325,1.5947,80.59,0.10468944261677372
Rectangle,60,60,26,30,56,450,0,0,50,0.4894,1.5947,77.89,0.10431810998735778
Rectangle,80,80,26,30,56,600,0,0,50,0.5023,1.5632,77.89,0.10431810998735777
Rectangle,60,60,30,10,40,300,0,0,34,0.4988,0.9965,83.22,0.10401917404129793
Cylinder,100,100,44,10,54,600,0,0,48,0.6158,1.1959,93.48,0.10386758439855784
Rectangle,60,60,30,30,60,450,0,0,54,0.5268,1.5947,82.11,0.10263643067846608
Rectangle,80,80,30,30,60,600,0,0,54,0.5415,1.5632,82.11,0.10263643067846608
Cylinder,60,60,44,20,64,450,0,0,58,0.5788,1.5947,87.17,0.10215016592920355
Rectangle,60,60,44,20,64,450,0,0,58,0.5639,1.5947,87.17,0.10215016592920355
Rectangle,80,100,30,10,40,450,0,0,34,0.4563,1.1224,81.19,0.10212572635068867
Cylinder,100,100,26,10,36,450,0,0,30,0.5132,0.8469,81.68,0.10210176991150442
Rectangle,80,100,26,0,26,300,0,0,20,0.4034,0.6816,79.01,0.1019283199069637
Cylinder,100,100,30,20,50,600,0,0,44,0.5645,1.1959,84.54,0.10145132743362831
Rectangle,60,80,36,20,56,450,0,0,50,0.4894,1.5947,87.39,0.10135904941179676
Rectangle,80,60,36,20,56,450,0,0,50,0.4894,1.5947,87.05,0.10096558812294085
Cylinder,80,80,36,30,66,600,0,0,60,0.6094,1.5632,88.08,0.10009385894341648
Cylinder,100,100,44,30,74,800,0,0,68,0.6543,1.6612,92.48,0.09997608227696722
Cylinder,60,60,44,0,44,300,0,0,38,0.5688,0.9965,87.48,0.09940667739340305
Rectangle,60,60,44,0,44,300,0,0,38,0.5547,0.9965,87.48,0.09940667739340305
Cylinder,60,60,36,30,66,450,0,0,60,0.5987,1.5947,86.52,0.09831724322874764
Cylinder,80,80,26,20,46,450,0,0,40,0.5417,1.1224,80.32,0.09822287418237784
Cylinder,100,100,22,10,32,450,0,0,26,0.4448,0.8469,69.51,0.09775304203539822
Cylinder,80,80,60,10,70,600,0,0,64,0.6501,1.5632,90.75,0.09723451327433627
Rectangle,80,80,60,10,70,600,0,0,64,0.6385,1.5632,90.75,0.09723451327433627
Rectangle,80,80,36,30,66,600,0,0,60,0.5999,1.5632,85.13,0.09674175382139984
Rectangle,60,60,36,30,66,450,0,0,60,0.5824,1.5947,84.47,0.0959875301689461
Rectangle,80,100,44,20,64,600,0,0,58,0.5805,1.5632,91.53,0.09594191004123129
Rectangle,60,80,60,0,60,450,0,0,54,0.5268,1.5947,88.47,0.09576733724002698
Rectangle,80,60,60,0,60,450,0,0,54,0.5268,1.5947,88.47,0.09576733724002698
Rectangle,100,80,36,10,46,450,0,0,40,0.535,1.1224,86.86,0.09499955020798571
Cylinder,100,100,44,0,44,450,0,0,38,0.6501,0.8469,92.6,0.0947003218020917
Cylinder,80,80,44,10,54,450,0,0,48,0.6501,1.1224,90.75,0.09453355457227139
Rectangle,80,80,44,10,54,450,0,0,48,0.6385,1.1224,90.71,0.09448746312684365
Cylinder,100,100,30,10,40,450,0,0,34,0.5816,0.8469,83.94,0.09443030973451327
Cylinder,100,100,26,0,26,300,0,0,20,0.5132,0.498,81.68,0.09424778761061946
Rectangle,100,80,30,0,30,300,0,0,24,0.4826,0.6816,84.2,0.09414241949517921
Cylinder,60,60,36,10,46,300,0,0,40,0.5987,0.9965,86.52,0.09404258047967166
Cylinder,100,100,60,0,60,600,0,0,54,0.6928,1.1959,93.91,0.09390855457227139
Cylinder,100,100,22,20,42,600,0,0,36,0.4619,1.1959,65.62,0.09374209860935526
Cylinder,80,80,30,20,50,450,0,0,44,0.5959,1.1224,83.23,0.09363384955752212
Cylinder,100,100,36,20,56,600,0,0,50,0.6415,1.1959,87.35,0.09358407079646017
Cylinder,100,100,60,20,80,800,0,0,74,0.7121,1.6612,93.44,0.09343657817109145
Rectangle,100,80,44,20,64,600,0,0,58,0.5805,1.5632,88.82,0.09309735453888089
Rectangle,80,100,36,10,46,450,0,0,40,0.535,1.1224,84.68,0.09261205938937783
Cylinder,60,60,22,30,52,450,0,0,46,0.459,1.5947,64.17,0.09255871341048331
Cylinder,80,80,22,30,52,600,0,0,46,0.4672,1.5632,64.17,0.09255871341048331
Rectangle,60,60,36,10,46,300,0,0,40,0.5824,0.9965,84.47,0.09181415929203539
Cylinder,80,80,36,0,36,300,0,0,30,0.6094,0.6816,88.08,0.0917527040314651
Cylinder,60,60,60,10,70,450,0,0,64,0.6387,1.5947,85.37,0.09146649810366625
Rectangle,60,60,60,10,70,450,0,0,64,0.6189,1.5947,85.37,0.09146649810366625
Cylinder,80,80,44,30,74,600,0,0,68,0.6907,1.5632,89.56,0.09076775890935183
Rectangle,80,80,30,20,50,450,0,0,44,0.587,1.1224,80.59,0.0906637168141593
Rectangle,80,80,44,30,74,600,0,0,68,0.6769,1.5632,88.48,0.08967651279598184
Rectangle,80,100,30,0,30,300,0,0,24,0.4826,0.6816,80.19,0.08965709139871944
Rectangle,60,80,26,10,36,300,0,0,30,0.442,0.9965,74.14,0.08918202443511088
Rectangle,80,80,36,0,36,300,0,0,30,0.5999,0.6816,85.13,0.08867994100294985
Rectangle,100,80,30,30,60,600,0,0,54,0.5415,1.5632,79.13,0.08846979866730363
Rectangle,60,80,44,20,64,450,0,0,58,0.5639,1.5947,87.17,0.08846463869548589
Rectangle,80,80,26,20,46,450,0,0,40,0.535,1.1224,72.23,0.08832122931896884
Rectangle,80,60,44,20,64,450,0,0,58,0.5639,1.5947,86.46,0.08774614416800987
Rectangle,80,100,60,10,70,600,0,0,64,0.6385,1.5632,90.75,0.08696919257620862
Rectangle,100,80,60,10,70,600,0,0,64,0.6385,1.5632,90.75,0.08696919257620862
Rectangle,80,60,30,10,40,300,0,0,34,0.4988,0.9965,80.31,0.08693783782459934
Rectangle,80,100,30,30,60,600,0,0,54,0.5415,1.5632,77.65,0.08682078098478166
Rectangle,100,80,36,30,66,600,0,0,60,0.5999,1.5632,85.13,0.08652845512288003
Cylinder,80,80,36,20,56,450,0,0,50,0.6771,1.1224,86.14,0.08652022756005058
Rectangle,60,80,44,0,44,300,0,0,38,0.5547,0.9965,87.48,0.0860887079284913
Rectangle,80,100,26,30,56,600,0,0,50,0.5023,1.5632,71.65,0.08583137037526847
Cylinder,60,60,44,30,74,450,0,0,68,0.6786,1.5947,84.22,0.08535637407318823
Rectangle,60,60,44,30,74,450,0,0,68,0.655,1.5947,84.22,0.08535637407318823
Rectangle,80,60,44,0,44,300,0,0,38,0.5547,0.9965,86.67,0.08529038067574017
Cylinder,100,100,36,10,46,450,0,0,40,0.6843,0.8469,86.14,0.08426317814544056
Cylinder,100,100,44,20,64,600,0,0,58,0.7441,1.1959,89.81,0.08419524336283185
Rectangle,60,80,30,10,40,300,0,0,34,0.4988,0.9965,77.52,0.08392016080920002
Rectangle,80,80,36,20,56,450,0,0,50,0.6641,1.1224,83.33,0.08370535714285715
Rectangle,80,100,44,10,54,450,0,0,48,0.6385,1.1224,89.45,0.08334410203746451
Rectangle,80,60,36,30,66,450,0,0,60,0.5824,1.5947,84.47,0.08312763957283252
Cylinder,80,80,60,0,60,450,0,0,54,0.7313,1.1224,88.47,0.08293694690265488
Rectangle,80,80,60,0,60,450,0,0,54,0.715,1.1224,88.47,0.08293694690265488
Cylinder,100,100,30,0,30,300,0,0,24,0.6158,0.498,82.79,0.08278761061946904
Rectangle,80,100,36,30,66,600,0,0,60,0.5999,1.5632,81.31,0.08264576803403285
Cylinder,80,80,60,20,80,600,0,0,74,0.7516,1.5632,87.98,0.08248064159292036
Rectangle,80,80,60,20,80,600,0,0,74,0.7339,1.5632,87.98,0.08248064159292036
Cylinder,80,80,22,20,42,450,0,0,36,0.4875,1.1224,61.56,0.08245101137800254
Rectangle,60,80,30,30,60,450,0,0,54,0.5268,1.5947,75.96,0.0822277070333676
Rectangle,100,80,44,10,54,450,0,0,48,0.6385,1.1224,87.55,0.0815714080287534
Cylinder,100,100,44,30,74,600,-150.0,0,68,0.4163,1.8209,100.0,0.08108108108108109
Cylinder,60,60,30,20,50,300,0,0,44,0.6586,0.9965,80.94,0.08094395280235989
Cylinder,100,100,60,30,90,800,0,0,84,0.8083,1.6612,91.06,0.08094395280235989
Cylinder,100,100,30,30,60,600,0,0,54,0.6928,1.1959,80.5,0.0805014749262537
Cylinder,80,80,60,10,70,450,-112.5,0,64,0.4135,1.7145,100.0,0.08035714285714286
Cylinder,100,100,36,20,56,450,-112.5,0,50,0.4081,1.3157,100.0,0.08035714285714286
Rectangle,80,80,60,10,70,450,-112.5,0,64,0.4073,1.7145,100.0,0.08035714285714286
Rectangle,60,80,26,30,56,450,0,0,50,0.4894,1.5947,69.17,0.08023188890148976
Rectangle,80,60,36,10,46,300,0,0,40,0.5824,0.9965,84.47,0.07951339437401371
Rectangle,100,80,36,0,36,300,0,0,30,0.5999,0.6816,85.13,0.07931775052930669
Rectangle,60,80,60,10,70,450,0,0,64,0.6189,1.5947,85.37,0.07921231095297614
Rectangle,80,60,60,10,70,450,0,0,64,0.6189,1.5947,85.37,0.07921231095297614
Rectangle,80,100,44,30,74,600,0,0,68,0.6769,1.5632,87.11,0.07896566297006553
Rectangle,60,80,36,30,66,450,0,0,60,0.5824,1.5947,80.06,0.07878764232605814
Rectangle,80,60,30,30,60,450,0,0,54,0.5268,1.5947,72.68,0.07868313403115253
Rectangle,100,80,44,30,74,600,0,0,68,0.6769,1.5632,86.78,0.07867151386993998
Cylinder,60,60,44,20,64,300,-75.0,0,58,0.4142,1.5322,100.0,0.078125
Rectangle,60,60,44,20,64,300,-75.0,0,58,0.4029,1.5322,100.0,0.078125
Cylinder,100,100,60,10,70,600,0,0,64,0.8211,1.1959,90.75,0.07778761061946902
Rectangle,80,60,26,10,36,300,0,0,30,0.442,0.9965,64.62,0.07772159320672783
Cylinder,60,60,60,20,80,450,0,0,74,0.7384,1.5947,82.55,0.07739214601769911
Rectangle,60,60,60,20,80,450,0,0,74,0.7084,1.5947,82.55,0.07739214601769911
Cylinder,60,60,44,10,54,300,0,0,48,0.7185,0.9965,83.05,0.0769010160603081
Rectangle,60,60,44,10,54,300,0,0,48,0.6907,0.9965,83.05,0.0769010160603081
Cylinder,80,80,44,20,64,450,0,0,58,0.7855,1.1224,87.17,0.07661262444690266
Cylinder,100,100,44,30,74,600,0,150.0,68,0.4163,1.8209,94.29,0.07645300167424061
Cylinder,100,100,36,30,66,600,0,0,60,0.7698,1.1959,83.95,0.07632072941807455
Cylinder,80,80,44,30,74,450,-112.5,0,68,0.4394,1.7145,100.0,0.07601351351351351
Rectangle,80,80,44,30,74,450,-112.5,0,68,0.4319,1.7145,100.0,0.07601351351351351
Rectangle,80,100,30,20,50,450,0,0,44,0.587,1.1224,75.47,0.07594221133318423
Rectangle,80,100,36,0,36,300,0,0,30,0.5999,0.6816,81.31,0.07575862069786345
Cylinder,60,60,36,30,66,300,-75.0,0,60,0.4285,1.5322,100.0,0.07575757575757576
Rectangle,60,80,36,10,46,300,0,0,40,0.5824,0.9965,80.06,0.07536209265970778
Cylinder,80,80,30,10,40,300,0,0,34,0.6907,0.6816,80.32,0.075304203539823
Cylinder,60,60,26,20,46,300,0,0,40,0.5987,0.9965,69.16,0.0751731435167372
Cylinder,100,100,60,0,60,450,-112.5,0,54,0.4407,1.3157,100.0,0.075
Cylinder,100,100,60,20,80,600,-150.0,0,74,0.453,1.8209,100.0,0.075
Rectangle,60,60,30,20,50,300,0,0,44,0.637,0.9965,74.91,0.07491150442477877
Rectangle,80,80,44,20,64,450,0,0,58,0.7654,1.1224,84.91,0.0746292519358407
Cylinder,80,80,44,0,44,300,0,0,38,0.7719,0.6816,87.48,0.0745550080450523
Rectangle,100,80,36,20,56,450,0,0,50,0.6641,1.1224,82.68,0.07428530192318163
Rectangle,80,100,60,0,60,450,0,0,54,0.715,1.1224,88.47,0.07418106044825078
Rectangle,100,80,60,0,60,450,0,0,54,0.715,1.1224,88.47,0.07418106044825078
Cylinder,80,80,60,10,70,450,0,112.5,64,0.4135,1.7145,92.09,0.07400442477876107
Rectangle,80,80,60,10,70,450,0,112.5,64,0.4073,1.7145,92.09,0.07400442477876107
Rectangle,60,80,44,30,74,450,0,0,68,0.655,1.5947,84.22,0.07392078832230842
Rectangle,80,60,44,30,74,450,0,0,68,0.655,1.5947,84.19,0.07389489662762459
Rectangle,80,100,60,20,80,600,0,0,74,0.7339,1.5632,87.98,0.07377292857182659
Rectangle,100,80,60,20,80,600,0,0,74,0.7339,1.5632,87.98,0.07377292857182659
Cylinder,60,60,36,20,56,300,0,0,50,0.7484,0.9965,82.32,0.07349610198061525
Cylinder,100,100,44,10,54,450,0,0,48,0.8211,0.8469,88.01,0.07334070796460178
Cylinder,100,100,60,0,60,450,0,112.5,54,0.4407,1.3157,97.3,0.07297566371681416
Rectangle,80,80,44,0,44,300,0,0,38,0.7528,0.6816,85.18,0.07259402654867257
Rectangle,100,80,26,30,56,600,0,0,50,0.5023,1.5632,60.52,0.07249199519343898
Rectangle,60,60,36,20,56,300,0,0,50,0.7172,0.9965,81.0,0.07232406236831015
Cylinder,100,100,60,20,80,600,0,150.0,74,0.453,1.8209,96.12,0.07209070796460176
Cylinder,80,80,26,10,36,300,0,0,30,0.6094,0.6816,69.16,0.07204092920353983
Rectangle,80,100,60,10,70,450,-112.5,0,64,0.4073,1.7145,100.0,0.07187361356249324
Rectangle,100,80,60,10,70,450,-112.5,0,64,0.4073,1.7145,100.0,0.07187361356249324
Cylinder,80,80,30,30,60,450,0,0,54,0.7313,1.1224,76.36,0.07158462389380531
Rectangle,60,60,36,30,66,300,-75.0,0,60,0.416,1.5322,94.45,0.07155627067131493
Cylinder,100,100,44,30,74,600,0,-150.0,68,0.4163,1.8209,88.13,0.07145419756039226
Cylinder,80,80,60,30,90,600,0,0,84,0.8532,1.5632,85.63,0.07136184857423797
Rectangle,80,80,60,30,90,600,0,0,84,0.8276,1.5632,85.63,0.07136184857423797
Rectangle,80,100,36,20,56,450,0,0,50,0.6641,1.1224,79.26,0.07121106181505138
Rectangle,60,60,22,30,52,450,0,0,46,0.4515,1.5947,49.1,0.07081773315180394
Rectangle,80,80,22,30,52,600,0,0,46,0.4629,1.5632,49.1,0.07081773315180394
Cylinder,100,100,36,20,56,450,0,112.5,50,0.4081,1.3157,87.88,0.07061472819216183
Cylinder,80,80,36,30,66,450,0,0,60,0.8126,1.1224,82.68,0.07046962992759453
Cylinder,100,100,44,30,74,600,0,0,68,0.8724,1.1959,86.9,0.07046161205453241
Cylinder,80,80,60,20,80,450,-112.5,0,74,0.4781,1.7145,100.0,0.0703125
Cylinder,100,100,44,20,64,450,-112.5,0,58,0.4734,1.3157,100.0,0.0703125
Rectangle,80,80,60,20,80,450,-112.5,0,74,0.4686,1.7145,100.0,0.0703125
Rectangle,80,60,26,30,56,450,0,0,50,0.4894,1.5947,60.52,0.07019007252938432
Cylinder,100,100,36,0,36,300,0,0,30,0.7698,0.498,83.95,0.06996066863323501
Cylinder,100,100,26,30,56,600,0,0,50,0.6415,1.1959,65.22,0.06987989886219974
Cylinder,80,80,44,10,54,300,-75.0,0,48,0.4652,1.0764,100.0,0.06944444444444445
Rectangle,80,80,44,10,54,300,-75.0,0,48,0.4564,1.0764,99.66,0.06920886594559161
Rectangle,100,80,30,20,50,450,0,0,44,0.587,1.1224,68.54,0.06896686653611629
Rectangle,80,100,26,20,46,450,0,0,40,0.535,1.1224,63.02,0.06893073153994278
Cylinder,80,80,44,30,74,450,0,112.5,68,0.4394,1.7145,90.65,0.06890546519971298
Cylinder,80,80,60,10,70,450,0,0,64,0.8667,1.1224,85.37,0.06859987357774969
Rectangle,80,80,60,10,70,450,0,0,64,0.8399,1.1224,85.37,0.06859987357774969
Rectangle,80,80,36,30,66,450,0,0,60,0.7904,1.1224,80.06,0.06823209975864844
Cylinder,100,100,44,0,44,300,-75.0,0,38,0.4652,0.8105,100.0,0.06818181818181818
Rectangle,80,80,30,10,40,300,0,0,34,0.6769,0.6816,72.23,0.0677129424778761
Cylinder,100,100,36,30,66,450,-112.5,0,60,0.4897,1.3157,99.0,0.06749798873692679
Cylinder,80,80,36,10,46,300,0,0,40,0.8126,0.6816,82.68,0.06740573297422085
Cylinder,60,60,60,0,60,300,0,0,54,0.8083,0.9965,80.77,0.06730580137659783
Rectangle,60,60,60,0,60,300,0,0,54,0.7693,0.9965,80.77,0.06730580137659783
Cylinder,100,100,60,0,60,450,0,-112.5,54,0.4407,1.3157,89.65,0.06723451327433629
Rectangle,60,80,60,20,80,450,0,0,74,0.7084,1.5947,82.55,0.0670235645047221
Rectangle,80,60,60,20,80,450,0,0,74,0.7084,1.5947,82.55,0.0670235645047221
Cylinder,100,100,60,20,80,600,0,-150.0,74,0.453,1.8209,89.26,0.06694690265486725
Rectangle,100,80,44,30,74,450,-112.5,0,68,0.4319,1.7145,98.41,0.06690554986491835
Rectangle,80,100,44,30,74,450,-112.5,0,68,0.4319,1.7145,98.22,0.06677518833190817
Rectangle,100,80,44,20,64,450,0,0,58,0.7654,1.1224,84.91,0.06675043217539903
Cylinder,60,60,60,30,90,450,0,0,84,0.8382,1.5947,80.04,0.06670353982300885
Rectangle,60,60,60,30,90,450,0,0,84,0.795,1.5947,80.04,0.06670353982300885
Rectangle,80,60,44,20,64,300,-75.0,0,58,0.4029,1.5322,98.55,0.06668028378603912
Cylinder,60,60,60,10,70,300,-75.0,0,64,0.4571,1.5322,93.33,0.06666666666666667
Cylinder,100,100,60,30,90,600,-150.0,0,84,0.5142,1.8209,100.0,0.06666666666666667
Rectangle,60,60,60,10,70,300,-75.0,0,64,0.4419,1.5322,93.33,0.06666666666666667
Rectangle,80,60,44,10,54,300,0,0,48,0.6907,0.9965,83.05,0.0665982334850619
Rectangle,60,80,44,20,64,300,-75.0,0,58,0.4029,1.5322,98.27,0.06649068106351072
Cylinder,100,100,30,20,50,450,0,0,44,0.7527,0.8469,73.82,0.06643805309734513
Cylinder,80,80,22,10,32,300,0,0,26,0.5282,0.6816,56.64,0.0663716814159292
Cylinder,100,100,60,0,60,450,0,0,54,0.9238,0.8469,88.47,0.06634955752212389
Cylinder,80,80,36,20,56,300,-75.0,0,50,0.4846,1.0764,99.0,0.06629266750948166
Rectangle,80,100,60,10,70,450,0,112.5,64,0.4073,1.7145,92.09,0.06619156977643183
Rectangle,100,80,60,10,70,450,0,112.5,64,0.4073,1.7145,92.09,0.06619156977643183
Cylinder,60,60,44,20,64,300,0,75.0,58,0.4142,1.5322,84.72,0.06618731563421829
Rectangle,60,60,44,20,64,300,0,75.0,58,0.4029,1.5322,84.72,0.06618731563421829
Cylinder,100,100,30,10,40,300,-75.0,0,34,0.4163,0.8105,88.11,0.06608407079646017
Rectangle,60,80,44,10,54,300,0,0,48,0.6907,0.9965,82.37,0.06605418824615002
Cylinder,100,100,60,20,80,600,0,0,74,0.9494,1.1959,87.98,0.06598451327433628
Cylinder,80,80,60,10,70,450,0,-112.5,64,0.4135,1.7145,81.96,0.06586204171934261
Rectangle,80,80,60,10,70,450,0,-112.5,64,0.4073,1.7145,81.96,0.06586204171934261
Cylinder,100,100,36,20,56,450,0,0,50,0.8553,0.8469,81.92,0.06582648546144122
Rectangle,80,80,44,30,74,450,0,112.5,68,0.4319,1.7145,86.28,0.06558688112891653
Rectangle,80,80,36,10,46,300,0,0,40,0.7904,0.6816,80.06,0.06526548672566372
Rectangle,100,80,44,0,44,300,0,0,38,0.7528,0.6816,85.18,0.06493007124930253
Cylinder,80,80,30,20,50,300,-75.0,0,44,0.4265,1.0764,86.21,0.0646570796460177
Cylinder,100,100,36,10,46,300,-75.0,0,40,0.4897,0.8105,99.0,0.06456329357445172
Rectangle,80,100,44,20,64,450,0,0,58,0.7654,1.1224,81.83,0.06432714915913042
Cylinder,100,100,60,10,70,450,-112.5,0,64,0.5224,1.3157,100.0,0.0642857142857143
Cylinder,60,60,22,20,42,300,0,0,36,0.5389,0.9965,53.97,0.06424708526478438
Cylinder,100,100,44,20,64,450,0,112.5,58,0.4734,1.3157,91.05,0.06401756084070796
Cylinder,80,80,44,30,74,450,0,0,68,0.9209,1.1224,84.22,0.06401728055489118
Rectangle,80,80,30,20,50,300,-75.0,0,44,0.4196,1.0764,85.35,0.06401548672566372
Rectangle,80,100,60,30,90,600,0,0,84,0.8276,1.5632,85.63,0.06382797776481701
Rectangle,100,80,60,30,90,600,0,0,84,0.8276,1.5632,85.63,0.06382797776481701
Cylinder,100,100,30,30,60,450,-112.5,0,54,0.4407,1.3157,85.07,0.06380530973451327
Rectangle,100,80,22,30,52,600,0,0,46,0.4629,1.5632,49.1,0.06334130613594963
Cylinder,60,60,36,30,66,300,0,75.0,60,0.4285,1.5322,83.48,0.06324304996871369
Rectangle,100,80,26,20,46,450,0,0,40,0.535,1.1224,57.82,0.06323624330366855
Cylinder,100,100,44,30,74,600,150.0,0,68,0.4163,1.8209,77.61,0.06292752929921072
Rectangle,80,100,60,20,80,450,-112.5,0,74,0.4686,1.7145,100.0,0.06288941186718158
Rectangle,100,80,60,20,80,450,-112.5,0,74,0.4686,1.7145,100.0,0.06288941186718158
Rectangle,80,80,44,30,74,450,0,0,68,0.8889,1.1224,82.48,0.06269433149964124
Rectangle,80,100,44,0,44,300,0,0,38,0.7528,0.6816,82.11,0.06259146435408955
Cylinder,80,80,60,0,60,300,-75.0,0,54,0.5234,1.0764,100.0,0.0625
Cylinder,80,80,60,30,90,450,-112.5,0,84,0.5428,1.7145,100.0,0.0625
Rectangle,80,80,60,0,60,300,-75.0,0,54,0.5109,1.0764,100.0,0.0625
Rectangle,80,80,60,30,90,450,-112.5,0,84,0.5288,1.7145,100.0,0.0625
Cylinder,100,100,44,0,44,300,0,75.0,38,0.4652,0.8105,91.49,0.0623793242156074
Cylinder,80,80,60,20,80,450,0,112.5,74,0.4781,1.7145,88.67,0.062347898230088496
Rectangle,80,80,60,20,80,450,0,112.5,74,0.4686,1.7145,88.67,0.062347898230088496
Rectangle,80,80,22,20,42,450,0,0,36,0.4826,1.1224,46.55,0.062341972187104924
Cylinder,80,80,44,10,54,300,0,75.0,48,0.4652,1.0764,89.34,0.06203908554572271
Cylinder,100,100,60,30,90,600,0,150.0,84,0.5142,1.8209,92.46,0.06164208456243855
Cylinder,80,80,26,30,56,450,0,0,50,0.6771,1.1224,61.22,0.06149751106194691
Cylinder,100,100,26,30,56,450,-112.5,0,50,0.4081,1.3157,76.49,0.0614649178255373
Rectangle,80,100,60,10,70,450,0,0,64,0.8399,1.1224,85.37,0.061357592227096
Rectangle,100,80,60,10,70,450,0,0,64,0.8399,1.1224,85.37,0.061357592227096
Rectangle,80,60,22,30,52,450,0,0,46,0.4515,1.5947,49.1,0.06132995594788963
Rectangle,80,80,36,20,56,300,-75.0,0,50,0.4746,1.0764,91.18,0.06105799620733249
Cylinder,100,100,44,30,74,450,-112.5,0,68,0.555,1.3157,100.0,0.06081081081081081
Rectangle,60,60,36,30,66,300,0,75.0,60,0.416,1.5322,80.03,0.06062840797354072
Rectangle,100,80,44,10,54,300,-75.0,0,48,0.4564,1.0764,97.17,0.06035404718030406
Cylinder,60,60,44,20,64,300,0,0,58,0.8682,0.9965,77.17,0.06028761061946903
Rectangle,60,60,44,20,64,300,0,0,58,0.8204,0.9965,77.17,0.06028761061946903
Cylinder,80,80,60,10,70,450,112.5,0,64,0.4135,1.7145,75.01,0.06027970922882428
Rectangle,80,80,60,10,70,450,112.5,0,64,0.4073,1.7145,75.01,0.06027970922882428
Rectangle,80,100,44,10,54,300,-75.0,0,48,0.4564,1.0764,96.8,0.060125016946620445
Cylinder,60,60,44,30,74,300,-75.0,0,68,0.4856,1.5322,88.94,0.0600932791198278
Rectangle,60,60,44,30,74,300,-75.0,0,68,0.4676,1.5322,88.94,0.0600932791198278
Cylinder,100,100,60,0,60,450,112.5,0,54,0.4407,1.3157,80.12,0.06008849557522124
Rectangle,80,80,30,30,60,450,0,0,54,0.715,1.1224,64.03,0.06002488938053098
Cylinder,100,100,26,20,46,450,0,0,40,0.6843,0.8469,61.22,0.05989322816467873
Cylinder,80,80,44,30,74,450,0,-112.5,68,0.4394,1.7145,78.58,0.059734513274336286
Cylinder,100,100,60,20,80,600,150.0,0,74,0.453,1.8209,79.34,0.05950221238938053
Cylinder,100,100,44,20,64,450,0,0,58,0.9922,0.8469,84.53,0.05943376659292035
Rectangle,80,80,44,10,54,300,0,75.0,48,0.4564,1.0764,85.4,0.05930432645034415
Rectangle,80,60,36,30,66,300,-75.0,0,60,0.416,1.5322,90.31,0.05925039719509383
Cylinder,100,100,60,10,70,450,0,112.5,64,0.5224,1.3157,92.09,0.059203539823008855
Rectangle,80,100,60,10,70,450,0,-112.5,64,0.4073,1.7145,81.96,0.058908800968550876
Rectangle,100,80,60,10,70,450,0,-112.5,64,0.4073,1.7145,81.96,0.058908800968550876
Rectangle,100,80,44,30,74,450,0,112.5,68,0.4319,1.7145,86.28,0.058662689854582194
Cylinder,80,80,44,20,64,300,-75.0,0,58,0.5621,1.0764,100.0,0.05859375
Rectangle,60,60,26,20,46,300,0,0,40,0.5824,0.9965,53.78,0.05845196870591253
Rectangle,60,80,60,0,60,300,0,0,54,0.7693,0.9965,80.77,0.05828853381420336
Rectangle,80,60,60,0,60,300,0,0,54,0.7693,0.9965,80.77,0.05828853381420336
Cylinder,100,100,36,20,56,450,0,-112.5,50,0.4081,1.3157,72.51,0.058264854614412144
Cylinder,80,80,60,20,80,450,0,0,74,1.0022,1.1224,82.55,0.058044109513274336
Rectangle,80,80,60,20,80,450,0,0,74,0.9613,1.1224,82.55,0.058044109513274336
Rectangle,60,80,36,30,66,300,-75.0,0,60,0.416,1.5322,88.2,0.05786662995699186
Cylinder,100,100,44,0,44,300,0,0,38,0.9751,0.498,84.84,0.0578439259855189
Rectangle,60,80,60,30,90,450,0,0,84,0.795,1.5947,80.04,0.057766960009072624
Rectangle,80,60,60,30,90,450,0,0,84,0.795,1.5947,80.04,0.057766960009072624
Rectangle,60,80,60,10,70,300,-75.0,0,64,0.4419,1.5322,93.33,0.05773502691896257
Rectangle,80,60,60,10,70,300,-75.0,0,64,0.4419,1.5322,93.33,0.05773502691896257
Cylinder,80,80,44,10,54,300,0,0,48,0.9751,0.6816,83.05,0.057675762045231074
Rectangle,60,80,36,20,56,300,0,0,50,0.7172,0.9965,74.57,0.05766203699871103
Rectangle,80,60,44,20,64,300,0,75.0,58,0.4029,1.5322,84.72,0.057319896747531976
Cylinder,100,100,22,30,52,600,0,0,46,0.5902,1.1959,49.6,0.057232811436351255
Cylinder,100,100,60,30,90,600,0,0,84,1.0777,1.1959,85.63,0.057089478859390363
Rectangle,80,80,44,30,74,450,0,-112.5,68,0.4319,1.7145,75.07,0.05706619229849318
Rectangle,80,100,36,30,66,450,0,0,60,0.7904,1.1224,74.57,0.056846136837484594
Rectangle,80,80,44,10,54,300,0,0,48,0.9374,0.6816,81.62,0.05668223533267781
Cylinder,100,100,36,30,66,450,0,112.5,60,0.4897,1.3157,82.65,0.05635559131134352
Rectangle,60,80,44,20,64,300,0,75.0,58,0.4029,1.5322,83.16,0.05626211313763671
Cylinder,100,100,60,20,80,450,-112.5,0,74,0.604,1.3157,100.0,0.05625
Rectangle,80,100,44,30,74,450,0,112.5,68,0.4319,1.7145,82.63,0.056175792917157165
Rectangle,80,80,26,10,36,300,0,0,30,0.5999,0.6816,53.78,0.05601647000983284
Rectangle,80,100,60,0,60,300,-75.0,0,54,0.5109,1.0764,100.0,0.05590169943749474
Rectangle,80,100,60,30,90,450,-112.5,0,84,0.5288,1.7145,100.0,0.05590169943749474
Rectangle,100,80,60,0,60,300,-75.0,0,54,0.5109,1.0764,100.0,0.05590169943749474
Rectangle,100,80,60,30,90,450,-112.5,0,84,0.5288,1.7145,100.0,0.05590169943749474
Cylinder,100,100,44,20,64,450,0,-112.5,58,0.4734,1.3157,79.42,0.05584554756637168
Rectangle,80,80,44,20,64,300,-75.0,0,58,0.5467,1.0764,95.19,0.055776410398230086
Rectangle,80,100,60,20,80,450,0,112.5,74,0.4686,1.7145,88.67,0.05576565547868668
Rectangle,100,80,60,20,80,450,0,112.5,74,0.4686,1.7145,88.67,0.05576565547868668
Rectangle,100,80,22,20,42,450,0,0,36,0.4826,1.1224,46.55,0.05576035506470714
Cylinder,100,100,44,10,54,300,-75.0,0,48,0.5877,0.8105,100.0,0.05555555555555555
Cylinder,80,80,44,30,74,450,112.5,0,68,0.4394,1.7145,73.07,0.05554143745515427
Cylinder,100,100,36,20,56,450,112.5,0,50,0.4081,1.3157,68.97,0.055420353982300885
Cylinder,80,80,36,20,56,300,0,75.0,50,0.4846,1.0764,82.65,0.0553492414664981
Cylinder,100,100,60,30,90,600,0,-150.0,84,0.5142,1.8209,83.01,0.05533923303834808
Cylinder,60,60,36,30,66,300,0,0,60,0.8981,0.9965,72.8,0.05515330294091356
Rectangle,100,80,44,30,74,450,0,0,68,0.8889,1.1224,81.02,0.05508276160191795
Rectangle,80,80,44,30,74,450,112.5,0,68,0.4319,1.7145,72.42,0.05504813441760345
Rectangle,60,80,30,20,50,300,0,0,44,0.637,0.9965,63.53,0.05501432764158668
Cylinder,100,100,60,10,70,450,0,0,64,1.0948,0.8469,85.37,0.05487989886219975
Cylinder,100,100,44,0,44,300,0,-75.0,38,0.4652,0.8105,80.41,0.05482703137570393
Cylinder,60,60,60,10,70,300,0,75.0,64,0.4571,1.5322,76.64,0.05474083438685208
Rectangle,60,60,60,10,70,300,0,75.0,64,0.4419,1.5322,76.64,0.05474083438685208
Rectangle,80,100,30,20,50,300,-75.0,0,44,0.4196,1.0764,81.3,0.05453631279636654
Rectangle,80,100,36,10,46,300,0,0,40,0.7904,0.6816,74.57,0.05437456567063744
Cylinder,80,80,60,0,60,300,0,75.0,54,0.5234,1.0764,86.46,0.054037610619469024
Rectangle,80,80,60,0,60,300,0,75.0,54,0.5109,1.0764,86.46,0.054037610619469024
Rectangle,80,100,60,10,70,450,112.5,0,64,0.4073,1.7145,75.01,0.053915810999829
Rectangle,100,80,60,10,70,450,112.5,0,64,0.4073,1.7145,75.01,0.053915810999829
Cylinder,100,100,36,10,46,300,0,75.0,40,0.4897,0.8105,82.65,0.05390534821085032
Rectangle,80,100,44,30,74,450,0,0,68,0.8889,1.1224,78.73,0.05352845101602731
Cylinder,60,60,30,30,60,300,0,0,54,0.8083,0.9965,64.22,0.05351524090462143
Cylinder,80,80,60,30,90,450,0,112.5,84,0.5428,1.7145,85.58,0.05348451327433628
Rectangle,80,80,60,30,90,450,0,112.5,84,0.5288,1.7145,85.58,0.05348451327433628
Cylinder,100,100,44,30,74,450,0,112.5,68,0.555,1.3157,87.29,0.05307940684046878
Rectangle,100,80,44,10,54,300,0,75.0,48,0.4564,1.0764,85.4,0.05304340212112333
Rectangle,80,100,30,10,40,300,0,0,34,0.6769,0.6816,63.02,0.0528468941806228
Cylinder,60,60,60,20,80,300,-75.0,0,74,0.5285,1.5322,84.34,0.052710176991150444
Rectangle,60,60,60,20,80,300,-75.0,0,74,0.5055,1.5322,84.34,0.052710176991150444
Cylinder,100,100,60,10,70,450,0,-112.5,64,0.5224,1.3157,81.96,0.05268963337547409
Cylinder,80,80,44,10,54,300,0,-75.0,48,0.4652,1.0764,75.8,0.05263643067846608
Rectangle,100,80,36,20,56,300,-75.0,0,50,0.4746,1.0764,87.67,0.0525094344905924
Cylinder,100,100,30,10,40,300,0,75.0,34,0.4163,0.8105,69.96,0.05246681415929203
Cylinder,80,80,60,20,80,450,0,-112.5,74,0.4781,1.7145,74.47,0.0523610342920354
Rectangle,80,80,60,20,80,450,0,-112.5,74,0.4686,1.7145,74.47,0.0523610342920354
Rectangle,60,80,44,30,74,300,-75.0,0,68,0.4676,1.5322,88.94,0.05204230631447984
Rectangle,80,60,44,30,74,300,-75.0,0,68,0.4676,1.5322,88.82,0.05197326179532298
Rectangle,80,100,60,20,80,450,0,0,74,0.9613,1.1224,82.55,0.05191622982604946
Rectangle,100,80,60,20,80,450,0,0,74,0.9613,1.1224,82.55,0.05191622982604946
Cylinder,100,100,44,20,64,450,112.5,0,58,0.4734,1.3157,73.61,0.05175954092920354
Rectangle,60,80,44,20,64,300,0,0,58,0.8204,0.9965,76.02,0.051432233258492305
Rectangle,80,100,36,20,56,300,-75.0,0,50,0.4746,1.0764,85.83,0.051405181578189296
Rectangle,80,60,30,20,50,300,0,0,44,0.637,0.9965,59.06,0.05114403712024914
Rectangle,80,60,44,20,64,300,0,0,58,0.8204,0.9965,75.5,0.051082965085413684
Rectangle,80,60,36,20,56,300,0,0,50,0.7172,0.9965,65.58,0.0507051852247368
Rectangle,80,80,44,10,54,300,0,-75.0,48,0.4564,1.0764,72.95,0.050659619796787944
Cylinder,100,100,44,0,44,300,75.0,0,38,0.4652,0.8105,74.16,0.05056315366049879
Rectangle,80,100,44,10,54,300,0,75.0,48,0.4564,1.0764,81.31,0.05050574713190896
Cylinder,80,80,60,0,60,300,0,0,54,1.097,0.6816,80.77,0.050479351032448376
Rectangle,80,80,60,0,60,300,0,0,54,1.0441,0.6816,80.77,0.050479351032448376
Rectangle,100,80,30,20,50,300,-75.0,0,44,0.4196,1.0764,75.21,0.0504500469790771
Rectangle,60,60,36,30,66,300,0,0,60,0.8455,0.9965,66.55,0.05041566103513006
Cylinder,80,80,30,20,50,300,0,75.0,44,0.4265,1.0764,67.21,0.05040929203539823
Cylinder,100,100,60,30,90,600,150.0,0,84,0.5142,1.8209,75.5,0.050334316617502456
Cylinder,60,60,44,20,64,300,75.0,0,58,0.4142,1.5322,64.06,0.050043786873156346
Rectangle,60,60,44,20,64,300,75.0,0,58,0.4029,1.5322,64.06,0.050043786873156346
Cylinder,80,80,60,30,90,450,0,0,84,1.1376,1.1224,80.04,0.05002765486725664
Rectangle,80,80,60,30,90,450,0,0,84,1.0789,1.1224,80.04,0.05002765486725664
Cylinder,100,100,60,0,60,300,-75.0,0,54,0.6611,0.8105,100.0,0.05
Cylinder,100,100,60,30,90,450,-112.5,0,84,0.6856,1.3157,100.0,0.05
Cylinder,80,80,60,10,70,300,-75.0,0,64,0.6203,1.0764,93.33,0.049999999999999996
Rectangle,80,80,60,10,70,300,-75.0,0,64,0.5998,1.0764,93.33,0.049999999999999996
Cylinder,100,100,22,20,42,450,0,0,36,0.6158,0.8469,46.62,0.04995259165613148
Cylinder,100,100,60,20,80,450,0,112.5,74,0.604,1.3157,88.67,0.0498783185840708
Rectangle,60,80,36,30,66,300,0,75.0,60,0.416,1.5322,75.94,0.04982529726564399
Cylinder,80,80,44,20,64,300,0,75.0,58,0.5621,1.0764,84.72,0.04964048672566372
Cylinder,100,100,44,30,74,450,0,0,68,1.1633,0.8469,81.45,0.049527624970102845
Cylinder,80,80,44,10,54,300,75.0,0,48,0.4652,1.0764,71.06,0.04934857423795477
Cylinder,80,80,60,20,80,450,112.5,0,74,0.4781,1.7145,70.16,0.04933282632743363
Rectangle,80,80,60,20,80,450,112.5,0,74,0.4686,1.7145,70.16,0.04933282632743363
Rectangle,80,80,22,10,32,300,0,0,26,0.5219,0.6816,41.81,0.04900096792035398
Rectangle,80,60,26,20,46,300,0,0,40,0.5824,0.9965,52.05,0.04899646739058746
Rectangle,80,80,44,10,54,300,75.0,0,48,0.4564,1.0764,70.5,0.048959357587676174
Cylinder,100,100,30,30,60,450,0,112.5,54,0.4407,1.3157,65.18,0.048882743362831854
Rectangle,100,80,36,30,66,450,0,0,60,0.7904,1.1224,63.94,0.048739715820905014
Cylinder,80,80,22,30,52,450,0,0,46,0.623,1.1224,45.03,0.048709794077603806
Rectangle,100,80,26,10,36,300,0,0,30,0.5999,0.6816,52.05,0.048494861680166895
Rectangle,100,80,30,10,40,300,0,0,34,0.6769,0.6816,57.82,0.04848111986614589
Rectangle,100,80,44,10,54,300,0,0,48,0.9374,0.6816,77.89,0.04838034656332509
Rectangle,100,80,44,20,64,300,-75.0,0,58,0.5467,1.0764,92.23,0.04833425422879627
Rectangle,80,100,60,0,60,300,0,75.0,54,0.5109,1.0764,86.46,0.0483327082747189
Rectangle,100,80,60,0,60,300,0,75.0,54,0.5109,1.0764,86.46,0.0483327082747189
Cylinder,100,100,60,10,70,450,112.5,0,64,0.5224,1.3157,75.01,0.048223767383059425
Cylinder,100,100,36,30,66,450,0,0,60,1.0264,0.8469,70.66,0.04817980691874497
Cylinder,80,80,36,30,66,300,-75.0,0,60,0.5815,1.0764,84.66,0.04810270850093859
Rectangle,80,100,44,10,54,300,0,0,48,0.9374,0.6816,77.37,0.048059704236168045
Cylinder,60,60,44,30,74,300,0,75.0,68,0.4856,1.5322,70.96,0.047945068962768074
Rectangle,60,60,44,30,74,300,0,75.0,68,0.4676,1.5322,70.96,0.047945068962768074
Rectangle,80,80,44,20,64,300,0,75.0,58,0.5467,1.0764,81.68,0.0478602046460177
Rectangle,80,100,60,30,90,450,0,112.5,84,0.5288,1.7145,85.58,0.04783800296996231
Rectangle,100,80,60,30,90,450,0,112.5,84,0.5288,1.7145,85.58,0.04783800296996231
Cylinder,60,60,26,30,56,300,0,0,50,0.7484,0.9965,53.55,0.04781658238516646
Rectangle,80,80,36,30,66,300,-75.0,0,60,0.5645,1.0764,84.06,0.04775911772593189
Cylinder,100,100,44,10,54,300,0,75.0,48,0.5877,0.8105,85.86,0.047697476237299245
Rectangle,80,100,44,20,64,300,-75.0,0,58,0.5467,1.0764,90.88,0.04763084512359549
Rectangle,100,80,44,30,74,450,112.5,0,68,0.4319,1.7145,70.0,0.047591987358948214
Cylinder,60,60,36,30,66,300,75.0,0,60,0.4285,1.5322,62.79,0.04756637168141593
Rectangle,60,80,60,10,70,300,0,75.0,64,0.4419,1.5322,76.64,0.047406953203370655
Rectangle,80,60,60,10,70,300,0,75.0,64,0.4419,1.5322,76.64,0.047406953203370655
Cylinder,80,80,36,20,56,300,0,0,50,1.0157,0.6816,70.66,0.047319453223767384
Rectangle,60,60,36,30,66,300,75.0,0,60,0.416,1.5322,62.24,0.04715294538303388
Cylinder,60,60,60,10,70,300,0,0,64,0.958,0.9965,66.0,0.04714496418036241
Rectangle,60,60,60,10,70,300,0,0,64,0.8949,0.9965,66.0,0.04714496418036241
Cylinder,80,80,30,30,60,300,-75.0,0,54,0.5234,1.0764,75.34,0.047087020648967554
Rectangle,80,100,44,30,74,450,0,-112.5,68,0.4319,1.7145,69.06,0.04695020750412886
Rectangle,80,100,60,20,80,450,0,-112.5,74,0.4686,1.7145,74.47,0.04683313281967549
Rectangle,100,80,60,20,80,450,0,-112.5,74,0.4686,1.7145,74.47,0.04683313281967549
Rectangle,60,60,22,20,42,300,0,0,36,0.5268,0.9965,39.32,0.046811349908695045
Rectangle,100,80,36,10,46,300,0,0,40,0.7904,0.6816,63.94,0.04662059774173523
Rectangle,80,80,26,30,56,450,0,0,50,0.6641,1.1224,46.28,0.04648980720606827
Rectangle,80,100,44,30,74,450,112.5,0,68,0.4319,1.7145,68.35,0.04646887261301434
Cylinder,100,100,60,20,80,450,0,0,74,1.2659,0.8469,82.55,0.04643528761061947
Rectangle,100,80,30,30,60,450,0,0,54,0.715,1.1224,55.16,0.046254945994741226
Rectangle,80,80,30,30,60,300,-75.0,0,54,0.5109,1.0764,73.86,0.04616519174041298
Cylinder,100,100,36,10,46,300,0,0,40,1.0264,0.498,70.66,0.046085032704886494
Rectangle,80,100,22,30,52,600,0,0,46,0.4629,1.5632,35.71,0.046064674723681
Rectangle,80,80,36,20,56,300,0,75.0,50,0.4746,1.0764,68.72,0.04601572376738306
Cylinder,100,100,30,10,40,300,0,0,34,0.8724,0.498,61.24,0.04592920353982301
Rectangle,100,80,44,30,74,450,0,-112.5,68,0.4319,1.7145,67.36,0.04579700932750032
Rectangle,60,80,60,20,80,300,-75.0,0,74,0.5055,1.5322,84.34,0.045648352312310285
Rectangle,80,60,60,20,80,300,-75.0,0,74,0.5055,1.5322,84.34,0.045648352312310285
Cylinder,60,60,44,20,64,300,0,-75.0,58,0.4142,1.5322,58.32,0.04556139380530974
Rectangle,60,60,44,20,64,300,0,-75.0,58,0.4029,1.5322,58.32,0.04556139380530974
Rectangle,80,100,30,30,60,450,0,0,54,0.715,1.1224,54.22,0.045463417507130684
Cylinder,80,80,44,20,64,300,0,0,58,1.1782,0.6816,77.17,0.045215707964601774
Rectangle,80,100,60,0,60,300,0,0,54,1.0441,0.6816,80.77,0.045150104147451506
Rectangle,100,80,60,0,60,300,0,0,54,1.0441,0.6816,80.77,0.045150104147451506
Cylinder,80,80,44,30,74,300,-75.0,0,68,0.6591,1.0764,88.94,0.045069959339870846
Rectangle,80,80,44,30,74,300,-75.0,0,68,0.6346,1.0764,88.82,0.045010165032288926
Rectangle,80,100,60,30,90,450,0,0,84,1.0789,1.1224,80.04,0.044746094815233624
Rectangle,100,80,60,30,90,450,0,0,84,1.0789,1.1224,80.04,0.044746094815233624
Rectangle,80,100,60,10,70,300,-75.0,0,64,0.5998,1.0764,93.33,0.044721359549995794
Rectangle,100,80,60,10,70,300,-75.0,0,64,0.5998,1.0764,93.33,0.044721359549995794
Cylinder,100,100,26,10,36,300,0,0,30,0.7698,0.498,53.55,0.04462881022615537
Cylinder,100,100,44,10,54,300,0,0,48,1.2317,0.498,80.24,0.04457554900032776
Cylinder,80,80,26,30,56,300,-75.0,0,50,0.4846,1.0764,66.45,0.04449470606826802
Cylinder,100,100,30,20,50,300,-75.0,0,44,0.5387,0.8105,74.04,0.04442477876106195
Cylinder,80,80,30,20,50,300,0,0,44,0.8938,0.6816,59.2,0.04440265486725664
Cylinder,100,100,36,20,56,300,-75.0,0,50,0.6121,0.8105,82.74,0.044326801517067
Rectangle,80,100,60,20,80,450,112.5,0,74,0.4686,1.7145,70.16,0.044124621276133154
Rectangle,100,80,60,20,80,450,112.5,0,74,0.4686,1.7145,70.16,0.044124621276133154
Rectangle,100,80,22,10,32,300,0,0,26,0.5219,0.6816,41.81,0.0438277980932792
Cylinder,100,100,30,30,60,450,0,0,54,0.9238,0.8469,57.8,0.043351769911504426
Rectangle,60,80,44,20,64,300,75.0,0,58,0.4029,1.5322,64.06,0.043339190733727606
Cylinder,100,100,26,20,46,300,-75.0,0,40,0.4897,0.8105,66.45,0.043333974605617546
Cylinder,100,100,60,0,60,300,0,75.0,54,0.6611,0.8105,86.46,0.04323008849557522
Cylinder,60,60,60,30,90,300,-75.0,0,84,0.5999,1.5322,77.64,0.04313339888561128
Rectangle,60,60,60,30,90,300,-75.0,0,84,0.5669,1.5322,77.64,0.04313339888561128
Cylinder,60,60,36,30,66,300,0,-75.0,60,0.4285,1.5322,56.76,0.04299633503173326
Rectangle,80,60,44,20,64,300,75.0,0,58,0.4029,1.5322,63.44,0.042920068926033256
Cylinder,60,60,60,10,70,300,75.0,0,64,0.4571,1.5322,59.93,0.04280446691951117
Rectangle,60,60,60,10,70,300,75.0,0,64,0.4419,1.5322,59.93,0.04280446691951117
Cylinder,100,100,60,30,90,450,0,112.5,84,0.6856,1.3157,85.58,0.04278761061946903
Rectangle,80,80,44,20,64,300,0,0,58,1.1134,0.6816,72.71,0.04260577986725664
Cylinder,100,100,30,10,40,300,75.0,0,34,0.4163,0.8105,56.65,0.04248893805309734
Cylinder,100,100,44,30,74,450,0,-112.5,68,0.555,1.3157,69.85,0.04247787610619469
Rectangle,100,80,44,10,54,300,75.0,0,48,0.4564,1.0764,68.01,0.04224233630060443
Cylinder,100,100,36,30,66,450,112.5,0,60,0.4897,1.3157,61.89,0.04219629927594529
Cylinder,100,100,44,20,64,300,-75.0,0,58,0.7101,0.8105,89.94,0.042159845132743366
Cylinder,60,60,44,30,74,300,0,0,68,1.0179,0.9965,62.09,0.041955672486645945
Rectangle,60,60,44,30,74,300,0,0,68,0.9431,0.9965,62.09,0.041955672486645945
Cylinder,100,100,60,20,80,450,0,-112.5,74,0.604,1.3157,74.47,0.04188882743362832
Cylinder,100,100,26,30,56,450,0,112.5,50,0.4081,1.3157,52.05,0.04182601137800253
Cylinder,80,80,60,0,60,300,75.0,0,54,0.5234,1.0764,66.89,0.041804941002949854
Rectangle,80,80,60,0,60,300,75.0,0,54,0.5109,1.0764,66.89,0.041804941002949854
Rectangle,80,100,44,10,54,300,0,-75.0,48,0.4564,1.0764,67.11,0.04168350253041643
Rectangle,100,80,26,30,56,450,0,0,50,0.6641,1.1224,46.28,0.04158174766945129
Cylinder,80,80,36,20,56,300,75.0,0,50,0.4846,1.0764,61.89,0.04144279393173198
Cylinder,100,100,44,30,74,450,112.5,0,68,0.555,1.3157,68.07,0.04139260942358287
Cylinder,80,80,30,20,50,300,75.0,0,44,0.4265,1.0764,55.03,0.04127212389380531
Rectangle,80,100,44,10,54,300,75.0,0,48,0.4564,1.0764,66.15,0.04108802392283905
Cylinder,80,80,60,10,70,300,0,75.0,64,0.6203,1.0764,76.64,0.04105562579013906
Rectangle,80,80,60,10,70,300,0,75.0,64,0.5998,1.0764,76.64,0.04105562579013906
Rectangle,80,80,30,20,50,300,0,75.0,44,0.4196,1.0764,54.73,0.04105088495575221
Rectangle,60,80,44,30,74,300,0,75.0,68,0.4676,1.5322,70.15,0.0410469666387506
Cylinder,80,80,60,30,90,450,112.5,0,84,0.5428,1.7145,65.53,0.04095685840707965
Rectangle,80,80,60,30,90,450,112.5,0,84,0.5288,1.7145,65.53,0.04095685840707965
Rectangle,60,60,30,30,60,300,0,0,54,0.7693,0.9965,49.1,0.04091691248770894
Rectangle,80,100,36,30,66,300,-75.0,0,60,0.5645,1.0764,80.4,0.040858160851942056
Rectangle,60,80,60,10,70,300,0,0,64,0.8949,0.9965,66.0,0.040828736640701246
Rectangle,80,60,60,10,70,300,0,0,64,0.8949,0.9965,66.0,0.040828736640701246
Rectangle,80,100,44,20,64,300,0,75.0,58,0.5467,1.0764,77.73,0.040735889938550505
Rectangle,80,100,26,10,36,300,0,0,30,0.5999,0.6816,43.54,0.040565834990040434
Rectangle,80,60,22,20,42,300,0,0,36,0.5268,0.9965,39.32,0.040539818206372265
Cylinder,100,100,30,30,60,450,112.5,0,54,0.4407,1.3157,53.88,0.040409292035398225
Cylinder,100,100,60,0,60,300,0,0,54,1.3856,0.498,80.77,0.040383480825958704
Cylinder,100,100,36,10,46,300,75.0,0,40,0.4897,0.8105,61.89,0.04036167756829549
Rectangle,80,60,36,30,66,300,0,75.0,60,0.416,1.5322,61.21,0.04015827998687562
Cylinder,80,80,26,20,46,300,0,0,40,0.8126,0.6816,49.14,0.04006348595613698
Rectangle,60,60,36,30,66,300,0,-75.0,60,0.416,1.5322,52.86,0.040046482524358634
Cylinder,100,100,60,30,90,450,0,0,84,1.437,0.8469,80.04,0.040022123893805314
Cylinder,100,100,60,10,70,300,-75.0,0,64,0.7835,0.8105,93.33,0.04
Rectangle,80,80,36,20,56,300,75.0,0,50,0.4746,1.0764,59.54,0.03987239254108723
Cylinder,60,60,60,20,80,300,0,75.0,74,0.5285,1.5322,63.79,0.03986910029498525
Rectangle,60,60,60,20,80,300,0,75.0,74,0.5055,1.5322,63.79,0.03986910029498525
Rectangle,80,100,22,20,42,450,0,0,36,0.4826,1.1224,33.1,0.039647096566921045
Cylinder,80,80,60,0,60,300,0,-75.0,54,0.5234,1.0764,63.39,0.039620206489675514
Rectangle,80,80,60,0,60,300,0,-75.0,54,0.5109,1.0764,63.39,0.039620206489675514
Cylinder,80,80,60,20,80,300,-75.0,0,74,0.7172,1.0764,84.34,0.039532632743362835
Rectangle,80,80,60,20,80,300,-75.0,0,74,0.686,1.0764,84.34,0.039532632743362835
Rectangle,80,60,44,30,74,300,0,75.0,68,0.4676,1.5322,67.48,0.03948483439282674
Cylinder,100,100,60,20,80,450,112.5,0,74,0.604,1.3157,70.16,0.03946626106194691
Rectangle,80,60,44,20,64,300,0,-75.0,58,0.4029,1.5322,58.27,0.039427387195247014
Rectangle,60,80,22,30,52,450,0,0,46,0.4515,1.5947,31.56,0.03942508432817177
Rectangle,60,80,26,20,46,300,0,0,40,0.5824,0.9965,41.56,0.03912497736091682
Rectangle,80,80,30,20,50,300,75.0,0,44,0.4196,1.0764,52.11,0.03908185840707964
Cylinder,60,60,44,30,74,300,75.0,0,68,0.4856,1.5322,57.27,0.03869688272343139
Rectangle,60,60,44,30,74,300,75.0,0,68,0.4676,1.5322,57.27,0.03869688272343139
Rectangle,80,100,44,30,74,300,-75.0,0,68,0.6346,1.0764,85.03,0.038540217323266825
Rectangle,60,80,44,20,64,300,0,-75.0,58,0.4029,1.5322,56.89,0.03848935267326442
Rectangle,100,80,44,30,74,300,-75.0,0,68,0.6346,1.0764,84.81,0.038439939220951305
Rectangle,80,60,36,30,66,300,75.0,0,60,0.416,1.5322,58.1,0.03811649755862724
Cylinder,100,100,36,30,66,450,0,-112.5,60,0.4897,1.3157,55.68,0.03796259050683829
Cylinder,60,60,60,10,70,300,0,-75.0,64,0.4571,1.5322,53.14,0.037958280657395704
Rectangle,60,60,60,10,70,300,0,-75.0,64,0.4419,1.5322,53.14,0.037958280657395704
Rectangle,80,60,36,30,66,300,0,0,60,0.8455,0.9965,57.82,0.037932640373145164
Cylinder,100,100,22,10,32,300,0,0,26,0.6672,0.498,40.29,0.03777654867256637
Rectangle,80,100,36,20,56,300,0,75.0,50,0.4746,1.0764,62.92,0.03768594339449313
Rectangle,80,80,36,20,56,300,0,0,50,0.9733,0.6816,56.22,0.03765012642225031
Cylinder,80,80,44,20,64,300,75.0,0,58,0.5621,1.0764,64.06,0.037532840154867256
Rectangle,100,80,44,10,54,300,0,-75.0,48,0.4564,1.0764,60.34,0.03747850743998541
Rectangle,80,100,60,0,60,300,75.0,0,54,0.5109,1.0764,66.89,0.037391475951185645
Rectangle,100,80,60,0,60,300,75.0,0,54,0.5109,1.0764,66.89,0.037391475951185645
Rectangle,60,80,60,30,90,300,-75.0,0,84,0.5669,1.5322,77.64,0.03735461918650676
Rectangle,80,60,60,30,90,300,-75.0,0,84,0.5669,1.5322,77.64,0.03735461918650676
Cylinder,80,80,60,30,90,450,0,-112.5,84,0.5428,1.7145,59.75,0.037343289085545725
Rectangle,80,80,60,30,90,450,0,-112.5,84,0.5288,1.7145,59.75,0.037343289085545725
Cylinder,80,80,36,20,56,300,0,-75.0,50,0.4846,1.0764,55.68,0.037284687104930464
Rectangle,80,80,44,20,64,300,75.0,0,58,0.5467,1.0764,63.44,0.037169870022123894
Cylinder,100,100,26,30,56,450,0,0,50,0.8553,0.8469,46.19,0.03712073324905184
Rectangle,60,80,60,10,70,300,75.0,0,64,0.4419,1.5322,59.93,0.0370697557477473
Rectangle,80,60,60,10,70,300,75.0,0,64,0.4419,1.5322,59.93,0.0370697557477473
Rectangle,80,100,60,10,70,300,0,75.0,64,0.5998,1.0764,76.64,0.03672126805021778
Rectangle,100,80,60,10,70,300,0,75.0,64,0.5998,1.0764,76.64,0.03672126805021778
Rectangle,100,80,30,20,50,300,0,75.0,44,0.4196,1.0764,54.73,0.03671702771903415
Cylinder,100,100,44,10,54,300,75.0,0,48,0.5877,0.8105,65.94,0.036635529334644375
Rectangle,80,100,60,30,90,450,112.5,0,84,0.5288,1.7145,65.53,0.03663292781722554
Rectangle,100,80,60,30,90,450,112.5,0,84,0.5288,1.7145,65.53,0.03663292781722554
Cylinder,80,80,36,30,66,300,0,75.0,60,0.5815,1.0764,64.45,0.03662174845803165
Cylinder,100,100,30,10,40,300,0,-75.0,34,0.4163,0.8105,48.82,0.03661504424778761
Cylinder,100,100,36,10,46,300,0,-75.0,40,0.4897,0.8105,55.68,0.0363120430934975
Cylinder,80,80,44,30,74,300,0,75.0,68,0.6591,1.0764,70.96,0.03595880172207606
Rectangle,60,80,36,30,66,300,75.0,0,60,0.416,1.5322,54.71,0.03589085794489679
Rectangle,100,80,36,30,66,300,-75.0,0,60,0.5645,1.0764,70.58,0.03586613459485283
Rectangle,60,80,36,30,66,300,0,0,60,0.8455,0.9965,54.62,0.03583279778106034
Cylinder,100,100,26,30,56,450,112.5,0,50,0.4081,1.3157,44.51,0.03576959544879899
Cylinder,60,60,60,20,80,300,0,0,74,1.1077,0.9965,56.86,0.035536504424778764
Rectangle,60,60,60,20,80,300,0,0,74,1.0132,0.9965,56.86,0.035536504424778764
Rectangle,80,100,60,0,60,300,0,-75.0,54,0.5109,1.0764,63.39,0.03543738999739711
Rectangle,100,80,60,0,60,300,0,-75.0,54,0.5109,1.0764,63.39,0.03543738999739711
Rectangle,80,60,30,30,60,300,0,0,54,0.7693,0.9965,49.1,0.03543508565878068
Rectangle,80,100,60,20,80,300,-75.0,0,74,0.686,1.0764,84.34,0.03535906165747732
Rectangle,100,80,60,20,80,300,-75.0,0,74,0.686,1.0764,84.34,0.03535906165747732
Cylinder,80,80,60,10,70,300,0,0,64,1.3001,0.6816,66.0,0.03535872313527181
Rectangle,80,80,60,10,70,300,0,0,64,1.2145,0.6816,66.0,0.03535872313527181
Rectangle,60,80,44,30,74,300,0,0,68,0.9431,0.9965,60.29,0.03528174928915317
Rectangle,100,80,36,20,56,300,0,75.0,50,0.4746,1.0764,58.39,0.034973898241631114
Rectangle,60,60,26,30,56,300,0,0,50,0.7172,0.9965,38.83,0.03467393594605984
Cylinder,80,80,30,20,50,300,0,-75.0,44,0.4265,1.0764,46.14,0.034601769911504425
Rectangle,60,80,60,20,80,300,0,75.0,74,0.5055,1.5322,63.79,0.03452765368148688
Rectangle,80,60,60,20,80,300,0,75.0,74,0.5055,1.5322,63.79,0.03452765368148688
Rectangle,80,60,44,30,74,300,0,0,68,0.9431,0.9965,58.73,0.03436690941032483
Cylinder,80,80,44,20,64,300,0,-75.0,58,0.5621,1.0764,58.32,0.034171045353982306
Rectangle,80,80,22,30,52,450,0,0,46,0.6128,1.1224,31.56,0.0341431245745405
Cylinder,100,100,44,20,64,300,0,75.0,58,0.7101,0.8105,72.32,0.03389795353982301
Cylinder,60,60,44,30,74,300,0,-75.0,68,0.4856,1.5322,49.82,0.033664195168619945
Rectangle,60,60,44,30,74,300,0,-75.0,68,0.4676,1.5322,49.82,0.033664195168619945
Rectangle,80,100,44,20,64,300,0,0,58,1.1134,0.6816,64.19,0.03363996072344816
Rectangle,100,80,36,20,56,300,75.0,0,50,0.4746,1.0764,56.02,0.033551620490455916
Cylinder,100,100,44,10,54,300,0,-75.0,48,0.5877,0.8105,60.37,0.033538184201901015
Rectangle,60,80,44,30,74,300,75.0,0,68,0.4676,1.5322,57.27,0.03351248348575874
Cylinder,100,100,60,0,60,300,75.0,0,54,0.6611,0.8105,66.89,0.033443952802359886
Rectangle,80,100,60,30,90,450,0,-112.5,84,0.5288,1.7145,59.75,0.03340085315948248
Rectangle,100,80,60,30,90,450,0,-112.5,84,0.5288,1.7145,59.75,0.03340085315948248
Cylinder,100,100,30,30,60,450,0,-112.5,54,0.4407,1.3157,44.41,0.033307522123893804
Rectangle,80,80,30,20,50,300,0,0,44,0.8645,0.6816,44.34,0.03325221238938053
Cylinder,60,60,60,20,80,300,75.0,0,74,0.5285,1.5322,53.13,0.033204277286135696
Rectangle,60,60,60,20,80,300,75.0,0,74,0.5055,1.5322,53.13,0.033204277286135696
Cylinder,100,100,44,30,74,300,-75.0,0,68,0.8325,0.8105,81.52,0.03304831380052619
Rectangle,80,60,44,30,74,300,75.0,0,68,0.4676,1.5322,56.36,0.03297738846229311
Rectangle,100,80,44,20,64,300,0,75.0,58,0.5467,1.0764,62.88,0.03295201115902102
Cylinder,100,100,36,30,66,300,-75.0,0,60,0.7346,0.8105,72.33,0.032877447036739074
Rectangle,60,80,60,10,70,300,0,-75.0,64,0.4419,1.5322,53.14,0.03287283533328416
Rectangle,80,60,60,10,70,300,0,-75.0,64,0.4419,1.5322,53.14,0.03287283533328416
Cylinder,100,100,60,10,70,300,0,75.0,64,0.7835,0.8105,76.64,0.03284450063211125
Cylinder,100,100,60,30,90,450,112.5,0,84,0.6856,1.3157,65.53,0.03276548672566372
Cylinder,80,80,36,30,66,300,0,0,60,1.2189,0.6816,57.32,0.03256570126039153
Rectangle,100,80,30,20,50,300,75.0,0,44,0.4196,1.0764,48.38,0.03245266799203234
Rectangle,80,80,44,20,64,300,0,-75.0,58,0.5467,1.0764,55.24,0.03236483683628318
Cylinder,80,80,60,30,90,300,-75.0,0,84,0.8141,1.0764,77.64,0.032350049164208465
Rectangle,80,80,60,30,90,300,-75.0,0,84,0.7693,1.0764,77.64,0.032350049164208465
Cylinder,80,80,30,30,60,300,0,75.0,54,0.5234,1.0764,51.4,0.032125737463126844
Cylinder,80,80,60,10,70,300,75.0,0,64,0.6203,1.0764,59.93,0.032103350189633374
Rectangle,80,80,60,10,70,300,75.0,0,64,0.5998,1.0764,59.93,0.032103350189633374
Rectangle,60,80,36,30,66,300,0,-75.0,60,0.416,1.5322,48.81,0.03202018035580034
Cylinder,100,100,36,20,56,300,0,75.0,50,0.6121,0.8105,59.23,0.031731984829329964
Cylinder,100,100,60,0,60,300,0,-75.0,54,0.6611,0.8105,63.39,0.031696165191740414
Rectangle,100,80,44,20,64,300,75.0,0,58,0.5467,1.0764,60.43,0.03166886927480862
Rectangle,100,80,36,20,56,300,0,0,50,0.9733,0.6816,52.82,0.031634637434524125
Cylinder,100,100,60,20,80,300,-75.0,0,74,0.906,0.8105,84.34,0.031626106194690265
Rectangle,80,100,60,10,70,300,0,0,64,1.2145,0.6816,66.0,0.0316258034112249
Rectangle,100,80,60,10,70,300,0,0,64,1.2145,0.6816,66.0,0.0316258034112249
Rectangle,80,100,30,20,50,300,0,75.0,44,0.4196,1.0764,47.01,0.03153251612518508
Cylinder,80,80,44,30,74,300,0,0,68,1.3814,0.6816,62.09,0.03146675436498446
Rectangle,80,100,30,30,60,300,-75.0,0,54,0.5109,1.0764,55.94,0.03127362034902914
Rectangle,80,100,36,20,56,300,75.0,0,50,0.4746,1.0764,51.9,0.031086927989972184
Rectangle,100,80,44,20,64,300,0,0,58,1.1134,0.6816,59.06,0.0309500006288342
Rectangle,80,80,44,30,74,300,0,75.0,68,0.6346,1.0764,61.05,0.03093607988519493
Rectangle,60,80,60,20,80,300,0,0,74,1.0132,0.9965,56.86,0.03077551559355652
Rectangle,80,60,60,20,80,300,0,0,74,1.0132,0.9965,56.86,0.03077551559355652
Rectangle,80,80,36,30,66,300,0,75.0,60,0.5645,1.0764,53.94,0.030646621078037006
Rectangle,100,80,22,30,52,450,0,0,46,0.6128,1.1224,31.56,0.030538539005166458
Rectangle,80,100,44,20,64,300,75.0,0,58,0.5467,1.0764,58.23,0.03051713348717218
Cylinder,80,80,36,30,66,300,75.0,0,60,0.5815,1.0764,53.54,0.03042035398230089
Cylinder,100,100,30,20,50,300,0,75.0,44,0.5387,0.8105,50.6,0.030362831858407078
Rectangle,100,80,30,30,60,300,-75.0,0,54,0.5109,1.0764,53.98,0.030177023590152025
Rectangle,80,60,26,30,56,300,0,0,50,0.7172,0.9965,38.83,0.03002850937848223
Cylinder,80,80,60,20,80,300,0,75.0,74,0.7172,1.0764,63.79,0.029901825221238937
Rectangle,80,80,60,20,80,300,0,75.0,74,0.686,1.0764,63.79,0.029901825221238937
Rectangle,80,80,30,30,60,300,0,75.0,54,0.5109,1.0764,47.82,0.029885693215339234
Cylinder,100,100,60,30,90,450,0,-112.5,84,0.6856,1.3157,59.75,0.02987463126843658
Rectangle,100,80,30,20,50,300,0,0,44,0.8645,0.6816,44.34,0.029741682921966224
Cylinder,60,60,60,30,90,300,0,75.0,84,0.5999,1.5322,53.27,0.0295968534906588
Rectangle,60,60,60,30,90,300,0,75.0,84,0.5669,1.5322,53.27,0.0295968534906588
Cylinder,100,100,44,20,64,300,0,0,58,1.4883,0.498,63.07,0.029563053097345134
Rectangle,80,100,26,30,56,450,0,0,50,0.6641,1.1224,32.86,0.029523305866009392
Cylinder,80,80,26,30,56,300,0,75.0,50,0.4846,1.0764,43.73,0.02928452907711757
Cylinder,100,100,36,20,56,300,0,0,50,1.283,0.498,54.54,0.029219342604298357
Cylinder,80,80,44,30,74,300,75.0,0,68,0.6591,1.0764,57.27,0.029022662042573547
Rectangle,80,80,26,30,56,300,-75.0,0,50,0.4746,1.0764,43.33,0.029017857142857144
Rectangle,80,80,36,20,56,300,0,-75.0,50,0.4746,1.0764,43.26,0.028968473451327432
Rectangle,80,100,60,30,90,300,-75.0,0,84,0.7693,1.0764,77.64,0.02893476360265215
Rectangle,100,80,60,30,90,300,-75.0,0,84,0.7693,1.0764,77.64,0.02893476360265215
Rectangle,60,80,60,20,80,300,75.0,0,74,0.5055,1.5322,53.13,0.02875574764409613
Rectangle,80,60,60,20,80,300,75.0,0,74,0.5055,1.5322,53.13,0.02875574764409613
Rectangle,80,80,26,20,46,300,0,0,40,0.7904,0.6816,35.25,0.02873701423624471
Rectangle,80,80,36,30,66,300,75.0,0,60,0.5645,1.0764,50.56,0.02872754089568249
Rectangle,80,100,60,10,70,300,75.0,0,64,0.5998,1.0764,59.93,0.028714109331800394
Rectangle,100,80,60,10,70,300,75.0,0,64,0.5998,1.0764,59.93,0.028714109331800394
Rectangle,60,80,44,30,74,300,0,-75.0,68,0.4676,1.5322,49.04,0.02869662827456807
Rectangle,80,80,44,30,74,300,75.0,0,68,0.6346,1.0764,56.36,0.02855925615881368
Cylinder,100,100,26,20,46,300,0,75.0,40,0.4897,0.8105,43.73,0.028520584840323198
Cylinder,80,80,60,10,70,300,0,-75.0,64,0.6203,1.0764,53.14,0.028468710493046778
Rectangle,80,80,60,10,70,300,0,-75.0,64,0.5998,1.0764,53.14,0.028468710493046778
Cylinder,100,100,60,10,70,300,0,0,64,1.6423,0.498,66.0,0.028286978508217448
Rectangle,80,100,30,20,50,300,75.0,0,44,0.4196,1.0764,42.04,0.02819820237112566
Cylinder,80,80,30,30,60,300,0,0,54,1.097,0.6816,45.07,0.028171091445427728
Rectangle,80,100,22,10,32,300,0,0,26,0.5219,0.6816,26.81,0.028105445126483806
Cylinder,100,100,30,30,60,300,-75.0,0,54,0.6611,0.8105,56.08,0.028038348082595872
Rectangle,80,100,36,20,56,300,0,0,50,0.9733,0.6816,46.11,0.027615156833376824
Rectangle,80,60,44,30,74,300,0,-75.0,68,0.4676,1.5322,47.17,0.027600546532952987
Cylinder,100,100,36,20,56,300,75.0,0,50,0.6121,0.8105,51.37,0.02752054361567636
Rectangle,100,80,36,30,66,300,0,75.0,60,0.5645,1.0764,53.94,0.027411171204467455
Cylinder,100,100,26,30,56,450,0,-112.5,50,0.4081,1.3157,34.03,0.027342762326169407
Cylinder,80,80,30,30,60,300,75.0,0,54,0.5234,1.0764,43.55,0.02722160766961652
Cylinder,100,100,44,20,64,300,75.0,0,58,0.7101,0.8105,58.04,0.027205475663716814
Cylinder,60,60,60,20,80,300,0,-75.0,74,0.5285,1.5322,43.41,0.027129424778761062
Rectangle,60,60,60,20,80,300,0,-75.0,74,0.5055,1.5322,43.41,0.027129424778761062
Rectangle,80,100,44,20,64,300,0,-75.0,58,0.5467,1.0764,51.73,0.0271083047465838
Rectangle,80,80,26,30,56,300,0,75.0,50,0.4746,1.0764,40.38,0.027042509481668774
Rectangle,80,60,36,30,66,300,0,-75.0,60,0.416,1.5322,41.09,0.02695926940805674
Rectangle,80,100,60,20,80,300,0,75.0,74,0.686,1.0764,63.79,0.026745005538403182
Rectangle,100,80,60,20,80,300,0,75.0,74,0.686,1.0764,63.79,0.026745005538403182
Rectangle,100,80,30,30,60,300,0,75.0,54,0.5109,1.0764,47.82,0.026730576633681113
Cylinder,60,60,60,30,90,300,0,0,84,1.2573,0.9965,48.08,0.02671255326122583
Rectangle,60,60,60,30,90,300,0,0,84,1.1239,0.9965,48.08,0.02671255326122583
Cylinder,80,80,60,20,80,300,0,0,74,1.5033,0.6816,56.86,0.026652378318584073
Rectangle,80,80,60,20,80,300,0,0,74,1.3751,0.6816,56.86,0.026652378318584073
Rectangle,80,80,44,30,74,300,0,0,68,1.2799,0.6816,52.37,0.026541198277923943
Cylinder,100,100,30,20,50,300,0,0,44,1.129,0.498,43.63,0.026176991150442478
Rectangle,100,80,44,30,74,300,0,75.0,68,0.6346,1.0764,57.61,0.026112417842962744
Cylinder,100,100,60,30,90,300,-75.0,0,84,1.0284,0.8105,77.64,0.025880039331366764
Rectangle,100,80,26,20,46,300,0,0,40,0.7904,0.6816,35.25,0.025703166921048945
Cylinder,100,100,60,10,70,300,75.0,0,64,0.7835,0.8105,59.93,0.0256826801517067
Cylinder,60,60,60,30,90,300,75.0,0,84,0.5999,1.5322,46.15,0.025639134709931174
Rectangle,60,60,60,30,90,300,75.0,0,84,0.5669,1.5322,46.15,0.025639134709931174
Rectangle,60,80,60,30,90,300,0,75.0,84,0.5669,1.5322,53.27,0.02563162699499666
Rectangle,80,60,60,30,90,300,0,75.0,84,0.5669,1.5322,53.27,0.02563162699499666
Rectangle,80,80,30,20,50,300,0,-75.0,44,0.4196,1.0764,34.12,0.02558628318584071
Rectangle,80,100,60,10,70,300,0,-75.0,64,0.5998,1.0764,53.14,0.02546318875768566
Rectangle,100,80,60,10,70,300,0,-75.0,64,0.5998,1.0764,53.14,0.02546318875768566
Cylinder,100,100,30,20,50,300,75.0,0,44,0.5387,0.8105,42.37,0.025424778761061948
Cylinder,80,80,44,30,74,300,0,-75.0,68,0.6591,1.0764,49.82,0.025248146376464962
Rectangle,80,100,44,30,74,300,0,75.0,68,0.6346,1.0764,55.24,0.02503609954477611
Cylinder,80,80,36,30,66,300,0,-75.0,60,0.5815,1.0764,43.91,0.024948042370608745
Cylinder,80,80,60,20,80,300,75.0,0,74,0.7172,1.0764,53.13,0.02490320796460177
Rectangle,80,80,60,20,80,300,75.0,0,74,0.686,1.0764,53.13,0.02490320796460177
Rectangle,80,80,30,30,60,300,75.0,0,54,0.5109,1.0764,39.73,0.024834070796460175
Cylinder,60,60,22,30,52,300,0,0,46,0.6885,0.9965,25.44,0.024463921034717496
Rectangle,100,80,26,30,56,300,0,75.0,50,0.4746,1.0764,40.38,0.02418755579327759
Rectangle,80,80,36,30,66,300,0,0,60,1.1475,0.6816,42.36,0.024068114776079383
Rectangle,100,80,44,30,74,300,75.0,0,68,0.6346,1.0764,52.83,0.023946410832947403
Cylinder,100,100,60,20,80,300,0,75.0,74,0.906,0.8105,63.79,0.02392146017699115
Rectangle,80,100,60,20,80,300,0,0,74,1.3751,0.6816,56.86,0.023838611872958215
Rectangle,100,80,60,20,80,300,0,0,74,1.3751,0.6816,56.86,0.023838611872958215
Cylinder,100,100,44,20,64,300,0,-75.0,58,0.7101,0.8105,50.74,0.023783185840707967
Rectangle,100,80,36,30,66,300,75.0,0,60,0.5645,1.0764,46.74,0.023753350163236906
Rectangle,60,80,60,20,80,300,0,-75.0,74,0.5055,1.5322,43.41,0.023494771048466104
Rectangle,80,60,60,20,80,300,0,-75.0,74,0.5055,1.5322,43.41,0.023494771048466104
Cylinder,100,100,22,20,42,300,0,75.0,36,0.4407,0.8105,32.79,0.023419721871049307
Rectangle,100,80,44,30,74,300,0,0,68,1.2799,0.6816,51.53,0.02335811263269632
Rectangle,60,80,60,30,90,300,0,0,84,1.1239,0.9965,48.08,0.02313374972416642
Rectangle,80,60,60,30,90,300,0,0,84,1.1239,0.9965,48.08,0.02313374972416642
Rectangle,80,100,36,30,66,300,0,75.0,60,0.5645,1.0764,45.46,0.023101238625148676
Cylinder,100,100,44,30,74,300,0,75.0,68,0.8325,0.8105,56.47,0.022895240373116483
Rectangle,100,80,30,20,50,300,0,-75.0,44,0.4196,1.0764,34.12,0.02288506739803988
Rectangle,80,100,44,30,74,300,75.0,0,68,0.6346,1.0764,50.47,0.0228767777415818
Rectangle,60,80,30,30,60,300,0,0,54,0.7693,0.9965,31.56,0.02277893761183258
Cylinder,100,100,60,10,70,300,0,-75.0,64,0.7835,0.8105,53.14,0.022774968394437423
Cylinder,80,80,22,30,52,300,0,75.0,46,0.4458,1.0764,31.58,0.022772719537100066
Rectangle,100,80,36,20,56,300,0,-75.0,50,0.4746,1.0764,37.88,0.02268577183240937
Rectangle,80,100,36,20,56,300,0,-75.0,50,0.4746,1.0764,37.7,0.022579763552818672
Cylinder,100,100,36,30,66,300,0,75.0,60,0.7346,0.8105,49.37,0.0224389916867793
Rectangle,100,80,44,20,64,300,0,-75.0,58,0.5467,1.0764,42.64,0.022346766188301618
Rectangle,80,100,60,20,80,300,75.0,0,74,0.686,1.0764,53.13,0.022274106346665497
Rectangle,100,80,60,20,80,300,75.0,0,74,0.686,1.0764,53.13,0.022274106346665497
Rectangle,60,80,60,30,90,300,75.0,0,84,0.5669,1.5322,46.15,0.022204141989851756
Rectangle,80,60,60,30,90,300,75.0,0,84,0.5669,1.5322,46.15,0.022204141989851756
Cylinder,80,80,60,30,90,300,0,75.0,84,0.8141,1.0764,53.27,0.0221976401179941
Rectangle,80,80,60,30,90,300,0,75.0,84,0.7693,1.0764,53.27,0.0221976401179941
Cylinder,100,100,36,20,56,300,0,-75.0,50,0.6121,0.8105,40.96,0.021942161820480404
Rectangle,100,80,36,30,66,300,0,0,60,1.1475,0.6816,42.36,0.02152717629183225
Cylinder,100,100,44,30,74,300,0,0,68,1.7449,0.498,52.83,0.021418320975843102
Cylinder,100,100,60,20,80,300,0,0,74,1.8989,0.498,56.86,0.021321902654867258
Rectangle,80,100,30,30,60,300,0,75.0,54,0.5109,1.0764,37.83,0.021148651778344248
Rectangle,80,100,26,30,56,300,-75.0,0,50,0.4746,1.0764,35.12,0.021033809475454326
Cylinder,80,80,30,30,60,300,0,-75.0,54,0.5234,1.0764,33.54,0.020962389380530973
Cylinder,80,80,26,30,56,300,75.0,0,50,0.4846,1.0764,30.56,0.020464601769911505
Rectangle,80,80,44,30,74,300,0,-75.0,68,0.6346,1.0764,40.27,0.02040480746232959
Cylinder,80,80,60,20,80,300,0,-75.0,74,0.7172,1.0764,43.41,0.020347068584070795
Rectangle,80,80,60,20,80,300,0,-75.0,74,0.686,1.0764,43.41,0.020347068584070795
Cylinder,100,100,44,30,74,300,75.0,0,68,0.8325,0.8105,50.07,0.02030016742406123
Cylinder,100,100,30,30,60,300,0,75.0,54,0.6611,0.8105,40.59,0.020294985250737464
Rectangle,80,100,30,20,50,300,0,0,44,0.8645,0.6816,30.21,0.020263129282829948
Rectangle,80,100,36,30,66,300,75.0,0,60,0.5645,1.0764,39.68,0.020162988936291346
Cylinder,80,80,60,30,90,300,0,0,84,1.7064,0.6816,48.08,0.020034414945919374
Rectangle,80,80,60,30,90,300,0,0,84,1.5254,0.6816,48.08,0.020034414945919374
Cylinder,100,100,26,20,46,300,75.0,0,40,0.4897,0.8105,30.56,0.019930742593305118
Cylinder,100,100,60,20,80,300,75.0,0,74,0.906,0.8105,53.13,0.019922566371681417
Rectangle,80,100,60,30,90,300,0,75.0,84,0.7693,1.0764,53.27,0.019854172897564505
Rectangle,100,80,60,30,90,300,0,75.0,84,0.7693,1.0764,53.27,0.019854172897564505
Rectangle,100,80,30,30,60,300,75.0,0,54,0.5109,1.0764,35.38,0.019779967101851016
Rectangle,80,80,30,30,60,300,0,0,54,1.0441,0.6816,31.56,0.019727138643067847
Cylinder,100,100,30,20,50,300,0,-75.0,44,0.5387,0.8105,32.88,0.019725663716814158
Cylinder,80,80,22,20,42,300,0,0,36,0.7313,0.6816,21.81,0.01947692793931732
Cylinder,60,60,60,30,90,300,0,-75.0,84,0.5999,1.5322,34.97,0.01942805637495903
Rectangle,60,60,60,30,90,300,0,-75.0,84,0.5669,1.5322,34.97,0.01942805637495903
Rectangle,80,80,22,30,52,300,0,75.0,46,0.438,1.0764,26.73,0.019273315180394823
Cylinder,80,80,60,30,90,300,75.0,0,84,0.8141,1.0764,46.15,0.01922935103244838
Rectangle,80,80,60,30,90,300,75.0,0,84,0.7693,1.0764,46.15,0.01922935103244838
Rectangle,80,80,36,30,66,300,0,-75.0,60,0.5645,1.0764,33.44,0.018998055779029233
Rectangle,80,100,44,30,74,300,0,0,68,1.2799,0.6816,41.87,0.01897930216491839
Rectangle,80,100,30,20,50,300,0,-75.0,44,0.4196,1.0764,28.19,0.018907636747796892
Cylinder,100,100,36,30,66,300,0,0,60,1.5396,0.498,41.25,0.01875167605256101
Cylinder,80,80,26,30,56,300,0,-75.0,50,0.4846,1.0764,27.49,0.0184102402022756
Cylinder,100,100,36,30,66,300,75.0,0,60,0.7346,0.8105,40.24,0.018289085545722717
Rectangle,80,100,60,20,80,300,0,-75.0,74,0.686,1.0764,43.41,0.01819897139873308
Rectangle,100,80,60,20,80,300,0,-75.0,74,0.686,1.0764,43.41,0.01819897139873308
Rectangle,80,80,30,30,60,300,0,-75.0,54,0.5109,1.0764,28.7,0.017938790560471977
Cylinder,100,100,26,20,46,300,0,-75.0,40,0.4897,0.8105,27.49,0.017929973066564065
Rectangle,80,100,60,30,90,300,0,0,84,1.5254,0.6816,48.08,0.017919325483405395
Rectangle,100,80,60,30,90,300,0,0,84,1.5254,0.6816,48.08,0.017919325483405395
Cylinder,100,100,60,30,90,300,0,75.0,84,1.0284,0.8105,53.27,0.01775811209439528
Rectangle,100,80,30,30,60,300,0,0,54,1.0441,0.6816,31.56,0.017644489202985066
Cylinder,100,100,26,30,56,300,0,75.0,50,0.6121,0.8105,32.46,0.017390960809102404
Rectangle,100,80,22,30,52,300,0,75.0,46,0.438,1.0764,26.73,0.01723857715805658
Rectangle,80,100,60,30,90,300,75.0,0,84,0.7693,1.0764,46.15,0.017199254428704135
Rectangle,100,80,60,30,90,300,75.0,0,84,0.7693,1.0764,46.15,0.017199254428704135
Rectangle,100,80,36,30,66,300,0,-75.0,60,0.5645,1.0764,33.44,0.016992377664896835
Rectangle,100,80,44,30,74,300,0,-75.0,68,0.6346,1.0764,37.27,0.016893517636755468
Rectangle,60,80,60,30,90,300,0,-75.0,84,0.5669,1.5322,34.97,0.01682519036687073
Rectangle,80,60,60,30,90,300,0,-75.0,84,0.5669,1.5322,34.97,0.01682519036687073
Rectangle,80,100,26,30,56,300,0,75.0,50,0.4746,1.0764,27.77,0.01663446587244036
Cylinder,100,100,60,20,80,300,0,-75.0,74,0.906,0.8105,43.41,0.016277654867256637
Rectangle,100,80,30,30,60,300,0,-75.0,54,0.5109,1.0764,28.7,0.016044942050938756
Cylinder,100,100,60,30,90,300,0,0,84,2.1555,0.498,48.08,0.016027531956735497
Cylinder,100,100,44,30,74,300,0,-75.0,68,0.8325,0.8105,38.98,0.015803635493900983
Rectangle,80,80,26,30,56,300,0,-75.0,50,0.4746,1.0764,23.53,0.015753397597977243
Rectangle,80,100,44,30,74,300,0,-75.0,68,0.6346,1.0764,34.65,0.015703550822611236
Cylinder,100,100,60,30,90,300,75.0,0,84,1.0284,0.8105,46.15,0.015383480825958702
Rectangle,60,60,22,30,52,300,0,0,46,0.664,0.9965,15.52,0.014919446335375541
Cylinder,100,100,22,20,42,300,-75.0,0,36,0.4407,0.8105,20.74,0.014812473662031186
Cylinder,80,80,60,30,90,300,0,-75.0,84,0.8141,1.0764,34.97,0.014571042281219273
Rectangle,80,80,60,30,90,300,0,-75.0,84,0.7693,1.0764,34.97,0.014571042281219273
Cylinder,100,100,36,30,66,300,0,-75.0,60,0.7346,0.8105,31.92,0.01450791096808796
Cylinder,80,80,26,30,56,300,0,0,50,1.0157,0.6816,21.39,0.014321270543615676
Rectangle,80,100,36,30,66,300,0,0,60,1.1475,0.6816,27.82,0.014136578860165606
Rectangle,100,80,26,30,56,300,0,-75.0,50,0.4746,1.0764,23.53,0.014090267162263607
Cylinder,100,100,26,20,46,300,0,0,40,1.0264,0.498,21.39,0.01394767218160831
Rectangle,80,100,36,30,66,300,0,-75.0,60,0.5645,1.0764,27.35,0.013896721742707865
Cylinder,100,100,22,30,52,450,0,0,46,0.7869,0.8469,15.8,0.01367001361470388
Cylinder,100,100,22,20,42,300,0,-75.0,36,0.4407,0.8105,18.69,0.013348082595870208
Rectangle,80,100,60,30,90,300,0,-75.0,84,0.7693,1.0764,34.97,0.01303273641753196
Rectangle,100,80,60,30,90,300,0,-75.0,84,0.7693,1.0764,34.97,0.01303273641753196
Rectangle,80,60,22,30,52,300,0,0,46,0.664,0.9965,15.52,0.012920619536833865
Cylinder,80,80,22,30,52,300,0,-75.0,46,0.4458,1.0764,17.74,0.012795694349897888
Cylinder,100,100,30,30,60,300,0,-75.0,54,0.6611,0.8105,25.53,0.012765486725663716
Rectangle,80,80,26,30,56,300,75.0,0,50,0.4746,1.0764,18.64,0.012484197218710493
Cylinder,100,100,30,30,60,300,75.0,0,54,0.6611,0.8105,24.9,0.012448377581120945
Rectangle,60,80,22,20,42,300,0,0,36,0.5268,0.9965,11.86,0.012225811642131771
Rectangle,80,100,30,30,60,300,0,-75.0,54,0.5109,1.0764,21.46,0.011996603640347324
Cylinder,100,100,60,30,90,300,0,-75.0,84,1.0284,0.8105,34.97,0.011656833824975418
Cylinder,80,80,22,30,52,300,-75.0,0,46,0.4458,1.0764,15.22,0.010976855003403676
Rectangle,80,100,30,30,60,300,75.0,0,54,0.5109,1.0764,18.97,0.010603183698616259
Rectangle,80,80,22,20,42,300,0,0,36,0.715,0.6816,11.86,0.010587863463969659
Cylinder,100,100,26,30,56,300,-75.0,0,50,0.6121,0.8105,19.47,0.010429835651074588
Cylinder,100,100,22,20,42,300,75.0,0,36,0.4407,0.8105,14.53,0.0103771597134429
Rectangle,80,80,22,30,52,300,0,-75.0,46,0.438,1.0764,14.23,0.010264210347174948
Cylinder,100,100,26,30,56,300,0,-75.0,50,0.6121,0.8105,18.44,0.009876738305941844
Cylinder,80,80,22,30,52,300,75.0,0,46,0.4458,1.0764,13.38,0.009647294077603811
Rectangle,100,80,22,20,42,300,0,0,36,0.715,0.6816,11.86,0.009470072976769021
Rectangle,100,80,22,30,52,300,0,-75.0,46,0.438,1.0764,14.23,0.009180588828655962
Rectangle,80,100,26,30,56,300,0,-75.0,50,0.4746,1.0764,14.87,0.008904695485618631
Rectangle,60,80,26,30,56,300,0,0,50,0.7172,0.9965,11.02,0.008519292254358612
Rectangle,80,100,26,20,46,300,0,0,40,0.7904,0.6816,11.02,0.008033583970721157
Cylinder,100,100,30,30,60,300,0,0,54,1.3856,0.498,15.84,0.007920353982300884
Cylinder,100,100,26,30,56,300,75.0,0,50,0.6121,0.8105,14.25,0.007632743362831858
Rectangle,80,80,26,30,56,300,0,0,50,0.9733,0.6816,11.02,0.007377923514538559
Rectangle,80,100,26,30,56,300,75.0,0,50,0.4746,1.0764,11.03,0.006607849427820174
Rectangle,100,80,26,30,56,300,0,0,50,0.9733,0.6816,11.02,0.0065990154045209495
Rectangle,100,80,26,30,56,300,-75.0,0,50,0.4746,1.0764,11.02,0.0065990154045209495
Rectangle,100,80,26,30,56,300,75.0,0,50,0.4746,1.0764,11.02,0.0065990154045209495
Cylinder,100,100,22,30,52,300,0,75.0,46,0.5632,0.8105,7.08,0.0040844111640571815
Rectangle,80,100,22,30,52,450,0,0,46,0.6128,1.1224,3.95,0.0038244525483105652
Cylinder,100,100,22,30,52,300,0,-75.0,46,0.5632,0.8105,6.3,0.003633424098025868
Rectangle,80,100,30,30,60,300,0,0,54,1.0441,0.6816,3.95,0.0022096836945794383
Rectangle,80,100,22,30,52,300,0,75.0,46,0.438,1.0764,3.16,0.0020359026003444304
Rectangle,80,100,22,30,52,300,0,-75.0,46,0.438,1.0764,2.82,0.0018170906386251694
Cylinder,80,80,22,30,52,300,0,0,46,0.9345,0.6816,0.0,0.0
Cylinder,100,100,22,20,42,300,0,0,36,0.9238,0.498,0.0,0.0
Cylinder,100,100,22,30,52,300,0,0,46,1.1804,0.498,0.0,0.0
Cylinder,100,100,22,30,52,300,-75.0,0,46,0.5632,0.8105,0.0,0.0
Cylinder,100,100,22,30,52,300,75.0,0,46,0.5632,0.8105,0.0,0.0
Cylinder,100,100,26,30,56,300,0,0,50,1.283,0.498,0.0,0.0
Rectangle,60,80,22,30,52,300,0,0,46,0.664,0.9965,0.0,0.0
Rectangle,80,80,22,30,52,300,0,0,46,0.9011,0.6816,0.0,0.0
Rectangle,80,80,22,30,52,300,-75.0,0,46,0.438,1.0764,0.0,0.0
Rectangle,80,80,22,30,52,300,75.0,0,46,0.438,1.0764,0.0,0.0
Rectangle,80,100,22,20,42,300,0,0,36,0.715,0.6816,0.0,0.0
Rectangle,80,100,22,30,52,300,0,0,46,0.9011,0.6816,0.0,0.0
Rectangle,80,100,22,30,52,300,-75.0,0,46,0.438,1.0764,0.0,0.0
Rectangle,80,100,22,30,52,300,75.0,0,46,0.438,1.0764,0.0,0.0
Rectangle,80,100,26,30,56,300,0,0,50,0.9733,0.6816,0.0,0.0
Rectangle,100,80,22,30,52,300,0,0,46,0.9011,0.6816,0.0,0.0
Rectangle,100,80,22,30,52,300,-75.0,0,46,0.438,1.0764,0.0,0.0
Rectangle,100,80,22,30,52,300,75.0,0,46,0.438,1.0764,0.0,0.0
